trial#,date.start,date.end,days,treatment,channel, chamber,species,type,fragments,boat.wt (g),boat+blotted wt (g),fp.wt (g),fp.PCLDM.wt (g),notes
CT1,12-Mar-19,20-Mar-19,8,2,2A,R001,R,microbes,2,1.8124,2.2117,0.3884,NA,Microbes
CT1,12-Mar-19,20-Mar-19,8,2,2A,R002,R,microbes,2,1.6831,2.0583,0.4758,0.5826,Microbes
CT1,12-Mar-19,20-Mar-19,8,2,2A,R003,R,bug,2,1.7099,1.986,0.4044,0.4885,
CT1,12-Mar-19,20-Mar-19,8,2,2A,R004,R,bug,2,1.8385,2.0378,0.387,0.4506,
CT1,12-Mar-19,20-Mar-19,8,2,2A,R005,R,bug,2,1.6291,1.8541,0.4593,0.5276,
CT1,12-Mar-19,20-Mar-19,8,2,2A,R006,R,bug,2,1.9272,2.2138,0.4059,0.485,
CT1,12-Mar-19,20-Mar-19,8,2,2A,R007,R,bug,2,1.6147,1.8231,0.3553,0.4184,
CT1,12-Mar-19,20-Mar-19,8,2,2A,R008,R,bug,2,1.738,2.0345,0.4261,0.5242,
CT1,12-Mar-19,20-Mar-19,8,2,2A,R009,R,bug,2,1.643,2.008,0.419,0.5184,
CT1,12-Mar-19,20-Mar-19,8,2,2A,R010,R,bug,2,1.7489,2.0276,0.3719,0.448,
CT1,12-Mar-19,20-Mar-19,8,2,2A,A001,A,microbes,3,1.8472,2.0798,0.3698,NA,Microbes
CT1,12-Mar-19,20-Mar-19,8,2,2A,A002,A,microbes,3,1.8501,2.0428,0.3831,0.4216,Microbes
CT1,12-Mar-19,20-Mar-19,8,2,2A,A003,A,bug,3,1.8053,2.0281,0.3507,0.387,
CT1,12-Mar-19,20-Mar-19,8,2,2A,A004,A,bug,3,1.859,2.0605,0.369,0.4063,
CT1,12-Mar-19,20-Mar-19,8,2,2A,A005,A,bug,3,1.7944,2.0377,0.3334,0.3764,
CT1,12-Mar-19,20-Mar-19,8,2,2A,A006,A,bug,3,1.8287,2.0381,0.3378,0.3774,
CT1,12-Mar-19,20-Mar-19,8,2,2A,A007,A,bug,3,1.7488,2.0483,0.3833,NA,Empty foil packet -- bug dead
CT1,12-Mar-19,20-Mar-19,8,2,2A,A008,A,bug,3,1.8889,2.1172,0.2936,NA,Empty foil packet (reason unknown)
CT1,12-Mar-19,20-Mar-19,8,2,2A,A009,A,bug,3,1.7789,2.0243,0.3677,0.4044,
CT1,12-Mar-19,20-Mar-19,8,2,2A,A010,A,bug,3,1.8515,2.1114,0.3484,0.397,
CT1,12-Mar-19,20-Mar-19,8,0,0A,R041,R,microbes,2,1.7558,1.9115,0.4332,NA,Microbes
CT1,12-Mar-19,20-Mar-19,8,0,0A,R042,R,microbes,2,1.838,1.9567,0.4171,0.4639,Microbes
CT1,12-Mar-19,20-Mar-19,8,0,0A,R043,R,bug,2,1.6853,1.8495,0.535,0.589,
CT1,12-Mar-19,20-Mar-19,8,0,0A,R044,R,bug,2,1.6325,1.7818,0.4523,0.5062,
CT1,12-Mar-19,20-Mar-19,8,0,0A,R045,R,bug,2,1.8593,2.0182,0.4709,0.5224,
CT1,12-Mar-19,20-Mar-19,8,0,0A,R046,R,bug,2,1.7105,1.8481,0.3884,0.4357,
CT1,12-Mar-19,20-Mar-19,8,0,0A,A041,A,microbes,3,1.8471,1.9764,0.4296,NA,Microbes
CT1,12-Mar-19,20-Mar-19,8,0,0A,A042,A,microbes,3,1.7679,1.8508,0.4374,0.4617,Microbes
CT1,12-Mar-19,20-Mar-19,8,0,0A,A043,A,bug,3,1.7761,1.9,0.3784,0.4085,
CT1,12-Mar-19,20-Mar-19,8,0,0A,A044,A,bug,3,1.8783,1.9759,0.4344,0.4595,
CT1,12-Mar-19,20-Mar-19,8,0,0A,A045,A,bug,3,1.7349,1.8506,0.4237,0.4513,
CT1,12-Mar-19,20-Mar-19,8,0,0A,A046,A,bug,3,1.8602,1.9935,0.4309,0.4664,
CT1,12-Mar-19,20-Mar-19,8,4,4D,R021,R,microbes,2,1.8273,2.052,0.3707,NA,Microbes
CT1,12-Mar-19,20-Mar-19,8,4,4D,R022,R,microbes,2,1.715,1.8499,0.3822,0.4439,Microbes
CT1,12-Mar-19,20-Mar-19,8,4,4D,R023,R,bug,2,1.7489,2.0186,0.4123,0.4921,
CT1,12-Mar-19,20-Mar-19,8,4,4D,R024,R,bug,2,1.7652,2.0893,0.4136,0.5027,
CT1,12-Mar-19,20-Mar-19,8,4,4D,R025,R,bug,2,1.5668,1.849,0.3603,0.4536,
CT1,12-Mar-19,20-Mar-19,8,4,4D,R026,R,bug,2,1.8847,2.16,0.2914,0.3705,
CT1,12-Mar-19,20-Mar-19,8,4,4D,A021,A,microbes,3,1.7198,1.864,0.3562,NA,Microbes
CT1,12-Mar-19,20-Mar-19,8,4,4D,A022,A,microbes,3,1.7337,1.8598,0.3754,0.4092,Microbes
CT1,12-Mar-19,20-Mar-19,8,4,4D,A023,A,bug,3,1.8171,1.9308,0.4023,0.4305,
CT1,12-Mar-19,20-Mar-19,8,4,4D,A024,A,bug,3,1.6944,1.8075,0.3909,0.4228,
CT1,12-Mar-19,20-Mar-19,8,4,4D,A025,A,bug,3,1.6282,1.8136,0.4093,0.4561,
CT1,12-Mar-19,20-Mar-19,8,4,4D,A026,A,bug,3,1.7898,1.9345,0.3633,0.4017,
CT1,12-Mar-19,20-Mar-19,8,3,3D,R031,R,microbes,2,1.6578,1.9109,0.4779,NA,Microbes
CT1,12-Mar-19,20-Mar-19,8,3,3D,R032,R,microbes,2,1.7293,1.8494,0.4329,0.4672,Microbes
CT1,12-Mar-19,20-Mar-19,8,3,3D,R033,R,bug,2,1.7349,2.007,0.38,0.4572,
CT1,12-Mar-19,20-Mar-19,8,3,3D,R034,R,bug,2,1.8048,1.9307,0.3755,0.4257,
CT1,12-Mar-19,20-Mar-19,8,3,3D,R035,R,bug,2,1.7875,2.0296,0.3723,0.4432,
CT1,12-Mar-19,20-Mar-19,8,3,3D,R036,R,bug,2,1.8291,1.9588,0.4231,0.4664,
CT1,12-Mar-19,20-Mar-19,8,3,3D,A031,A,microbes,3,1.7005,1.7611,0.3716,NA,Microbes
CT1,12-Mar-19,20-Mar-19,8,3,3D,A032,A,microbes,3,1.7519,1.9085,0.3794,0.4146,Microbes
CT1,12-Mar-19,20-Mar-19,8,3,3D,A033,A,bug,3,1.8469,1.9908,0.3898,0.4142,
CT1,12-Mar-19,20-Mar-19,8,3,3D,A034,A,bug,3,1.6805,1.8431,0.4162,0.4459,
CT1,12-Mar-19,20-Mar-19,8,3,3D,A035,A,bug,3,1.7022,1.8227,0.3502,0.372,
CT1,12-Mar-19,20-Mar-19,8,3,3D,A036,A,bug,3,1.6784,1.8004,0.3437,0.364,
CT1,12-Mar-19,20-Mar-19,8,0,0C,R011,R,microbes,2,1.7081,1.9691,0.3058,NA,Microbes
CT1,12-Mar-19,20-Mar-19,8,0,0C,R012,R,microbes,2,1.8535,2.0172,0.3966,0.4494,Microbes
CT1,12-Mar-19,20-Mar-19,8,0,0C,R013,R,bug,2,1.6562,1.7683,0.4654,0.4989,
CT1,12-Mar-19,20-Mar-19,8,0,0C,R014,R,bug,2,1.6992,1.9252,0.5588,0.6231,
CT1,12-Mar-19,20-Mar-19,8,0,0C,R015,R,bug,2,1.7575,1.9047,0.346,0.3902,
CT1,12-Mar-19,20-Mar-19,8,0,0C,R016,R,bug,2,1.7032,1.9735,0.4448,0.5237,
CT1,12-Mar-19,20-Mar-19,8,0,0C,A011,A,microbes,3,1.7331,1.8434,0.4217,NA,Microbes
CT1,12-Mar-19,20-Mar-19,8,0,0C,A012,A,microbes,3,1.7526,1.9163,0.3385,0.3759,Microbes
CT1,12-Mar-19,20-Mar-19,8,0,0C,A013,A,bug,3,1.7045,1.8854,0.3861,0.4236,
CT1,12-Mar-19,20-Mar-19,8,0,0C,A014,A,bug,3,1.7031,1.8758,0.3242,0.3598,
CT1,12-Mar-19,20-Mar-19,8,0,0C,A015,A,bug,3,1.6832,1.8092,0.4559,0.4803,
CT1,12-Mar-19,20-Mar-19,8,0,0C,A016,A,bug,3,1.8359,2.0073,0.4382,0.4664,
CT1,12-Mar-19,20-Mar-19,8,0,0D,R051,R,microbes,2,1.7989,1.9988,0.4231,NA,Microbes
CT1,12-Mar-19,20-Mar-19,8,0,0D,R052,R,microbes,2,1.7023,1.8871,0.427,0.4851,Microbes
CT1,12-Mar-19,20-Mar-19,8,0,0D,R053,R,bug,2,1.6395,1.8692,0.4204,NA,
CT1,12-Mar-19,20-Mar-19,8,0,0D,R054,R,bug,2,1.7172,1.9435,0.374,0.436,
CT1,12-Mar-19,20-Mar-19,8,0,0D,R055,R,bug,2,1.7817,2.0259,0.3971,0.4895,
CT1,12-Mar-19,20-Mar-19,8,0,0D,R056,R,bug,2,1.7902,NA,0.4334,0.5235,
CT1,12-Mar-19,20-Mar-19,8,0,0D,A051,A,microbes,2,1.8096,1.8991,0.403,0.4061,Microbes
CT1,12-Mar-19,20-Mar-19,8,0,0D,A052,A,microbes,3,1.8503,1.9752,0.4499,0.4874,Microbes
CT1,12-Mar-19,20-Mar-19,8,0,0D,A053,A,bug,3,1.8296,1.9951,0.4225,0.46,
CT1,12-Mar-19,20-Mar-19,8,0,0D,A054,A,bug,3,1.8055,1.9749,0.4279,0.4603,
CT1,12-Mar-19,20-Mar-19,8,0,0D,A055,A,bug,3,1.7139,1.8115,0.4261,0.4499,
CT1,12-Mar-19,20-Mar-19,8,0,0D,A056,A,bug,3,1.72,1.8192,0.5176,NA,
CT1,12-Mar-19,20-Mar-19,8,2,2B,R061,R,microbes,2,1.7494,1.8914,0.3994,0.3996,Microbes
CT1,12-Mar-19,20-Mar-19,8,2,2B,R062,R,microbes,2,1.8176,1.9473,0.3945,0.4197,Microbes
CT1,12-Mar-19,20-Mar-19,8,2,2B,R063,R,bug,2,1.739,1.9089,0.45,0.5245,
CT1,12-Mar-19,20-Mar-19,8,2,2B,R064,R,bug,2,1.785,2.044,0.4239,0.5083,
CT1,12-Mar-19,20-Mar-19,8,2,2B,R065,R,bug,2,1.7791,2.0866,0.4197,0.5204,
CT1,12-Mar-19,20-Mar-19,8,2,2B,R066,R,bug,2,1.7367,1.992,0.3818,0.4582,
CT1,12-Mar-19,20-Mar-19,8,2,2B,A061,A,microbes,3,1.8207,1.9456,0.4514,NA,Microbes
CT1,12-Mar-19,20-Mar-19,8,2,2B,A062,A,microbes,3,1.8298,1.973,0.3863,NA,Microbes
CT1,12-Mar-19,20-Mar-19,8,2,2B,A063,A,bug,3,1.7551,1.8483,0.4299,0.4531,
CT1,12-Mar-19,20-Mar-19,8,2,2B,A064,A,bug,3,1.775,1.8736,0.4403,0.4665,
CT1,12-Mar-19,20-Mar-19,8,2,2B,A065,A,bug,3,1.876,1.9711,0.4157,0.4314,
CT1,12-Mar-19,20-Mar-19,8,2,2B,A066,A,bug,3,1.8505,1.9581,0.4148,0.445,
CT1,12-Mar-19,20-Mar-19,8,3,3A,R071,R,microbes,2,1.738,1.8927,0.4253,NA,Microbes
CT1,12-Mar-19,20-Mar-19,8,3,3A,R072,R,microbes,2,1.7004,1.9423,0.3259,0.4012,Microbes
CT1,12-Mar-19,20-Mar-19,8,3,3A,R073,R,bug,2,1.7799,2.1008,0.3564,0.4443,
CT1,12-Mar-19,20-Mar-19,8,3,3A,R074,R,bug,2,1.8808,2.1039,0.3675,0.4386,
CT1,12-Mar-19,20-Mar-19,8,3,3A,R075,R,bug,2,1.8475,2.088,0.4215,0.4929,
CT1,12-Mar-19,20-Mar-19,8,3,3A,R076,R,bug,2,1.7878,2.0336,0.3953,0.4568,
CT1,12-Mar-19,20-Mar-19,8,3,3A,A071,A,microbes,3,1.591,1.7,0.4092,NA,Microbes
CT1,12-Mar-19,20-Mar-19,8,3,3A,A072,A,microbes,3,1.6715,1.8007,0.4404,0.4728,Microbes
CT1,12-Mar-19,20-Mar-19,8,3,3A,A073,A,bug,3,1.7128,1.8378,0.4187,0.448,
CT1,12-Mar-19,20-Mar-19,8,3,3A,A074,A,bug,3,1.7801,1.8726,0.4127,0.4313,
CT1,12-Mar-19,20-Mar-19,8,3,3A,A075,A,bug,3,1.7659,1.9049,0.4418,0.4697,
CT1,12-Mar-19,20-Mar-19,8,3,3A,A076,A,bug,3,1.7835,1.9154,0.4394,0.4685,
CT1,12-Mar-19,20-Mar-19,8,2,2C,R081,R,microbes,2,1.6468,1.9656,0.3909,NA,Microbes
CT1,12-Mar-19,20-Mar-19,8,2,2C,R082,R,microbes,2,1.7555,1.903,0.3029,0.3482,Microbes
CT1,12-Mar-19,20-Mar-19,8,2,2C,R083,R,bug,2,1.7731,2.0414,0.2828,0.3593,
CT1,12-Mar-19,20-Mar-19,8,2,2C,R084,R,bug,2,1.7559,1.9613,0.3987,0.4664,
CT1,12-Mar-19,20-Mar-19,8,2,2C,R085,R,bug,2,1.788,2.0297,0.445,0.5218,
CT1,12-Mar-19,20-Mar-19,8,2,2C,R086,R,bug,2,1.8807,2.2743,0.2789,0.3861,
CT1,12-Mar-19,20-Mar-19,8,2,2C,A081,A,microbes,3,1.7026,1.8681,0.313,NA,Microbes
CT1,12-Mar-19,20-Mar-19,8,2,2C,A082,A,microbes,3,1.7816,1.982,0.3228,0.3698,Microbes
CT1,12-Mar-19,20-Mar-19,8,2,2C,A083,A,bug,3,1.7133,1.9304,0.4273,0.4777,
CT1,12-Mar-19,20-Mar-19,8,2,2C,A084,A,bug,3,1.6959,1.9103,0.4022,0.4594,
CT1,12-Mar-19,20-Mar-19,8,2,2C,A085,A,bug,3,1.7664,1.9536,0.472,0.5173,
CT1,12-Mar-19,20-Mar-19,8,2,2C,A086,A,bug,3,1.8343,2.011,0.4118,0.4469,
CT1,12-Mar-19,21-Mar-19,9,1,1A,R091,R,microbes,2,1.7673,1.9052,0.3062,NA,Microbes
CT1,12-Mar-19,21-Mar-19,9,1,1A,R092,R,microbes,2,1.6393,1.7661,0.4112,0.4529,Microbes
CT1,12-Mar-19,21-Mar-19,9,1,1A,R093,R,bug,2,1.7664,2.0463,0.4265,0.5081,
CT1,12-Mar-19,21-Mar-19,9,1,1A,R094,R,bug,2,1.7092,1.9794,0.3702,0.4555,
CT1,12-Mar-19,21-Mar-19,9,1,1A,R095,R,bug,2,1.6968,1.9284,0.4268,0.5011,
CT1,12-Mar-19,21-Mar-19,9,1,1A,R096,R,bug,2,1.7389,1.9014,0.4141,0.4651,
CT1,12-Mar-19,21-Mar-19,9,1,1A,A091,A,microbes,2,1.6541,1.7235,0.4108,NA,Microbes
CT1,12-Mar-19,21-Mar-19,9,1,1A,A092,A,microbes,2,1.7248,1.8109,0.4156,0.4422,Microbes
CT1,12-Mar-19,21-Mar-19,9,1,1A,A093,A,bug,3,1.8184,1.9765,0.4466,0.4759,
CT1,12-Mar-19,21-Mar-19,9,1,1A,A094,A,bug,3,1.8062,1.9299,0.3861,0.4095,
CT1,12-Mar-19,21-Mar-19,9,1,1A,A095,A,bug,3,1.7633,1.8884,0.3509,0.3693,
CT1,12-Mar-19,21-Mar-19,9,1,1A,A096,A,bug,3,1.727,1.8303,0.3877,0.4068,
CT1,12-Mar-19,20-Mar-19,8,4,4C,R101,R,microbes,2,1.8066,1.9979,0.4637,NA,Microbes
CT1,12-Mar-19,20-Mar-19,8,4,4C,R102,R,microbes,2,1.8045,2.0691,0.4485,0.5264,Microbes
CT1,12-Mar-19,20-Mar-19,8,4,4C,R103,R,bug,2,1.7451,1.9329,0.4269,0.4887,
CT1,12-Mar-19,20-Mar-19,8,4,4C,R104,R,bug,2,1.6537,1.857,0.376,0.4334,
CT1,12-Mar-19,20-Mar-19,8,4,4C,R105,R,bug,2,1.675,2.0075,0.3728,0.4657,
CT1,12-Mar-19,20-Mar-19,8,4,4C,R106,R,bug,2,1.8343,2.073,0.4622,0.5455,
CT1,12-Mar-19,20-Mar-19,8,4,4C,A101,A,microbes,2,1.7098,1.7681,0.3034,0.3067,Microbes
CT1,12-Mar-19,20-Mar-19,8,4,4C,A102,A,microbes,2,1.7792,1.823,0.3839,NA,Microbes
CT1,12-Mar-19,20-Mar-19,8,4,4C,A103,A,bug,3,1.7306,1.8404,0.4133,0.435,
CT1,12-Mar-19,20-Mar-19,8,4,4C,A104,A,bug,3,1.923,2.0308,0.3514,0.3741,
CT1,12-Mar-19,20-Mar-19,8,4,4C,A105,A,bug,3,1.8982,2.0222,0.3655,0.3959,
CT1,12-Mar-19,20-Mar-19,8,4,4C,A106,A,bug,3,1.9765,2.0728,0.5023,0.5244,
CT1,12-Mar-19,21-Mar-19,9,1,1B,R111,R,microbes,2,1.8148,1.9587,0.4309,NA,Microbes
CT1,12-Mar-19,21-Mar-19,9,1,1B,R112,R,microbes,2,1.7164,1.9155,0.3939,0.4594,Microbes
CT1,12-Mar-19,21-Mar-19,9,1,1B,R113,R,bug,2,1.6886,1.9519,0.4281,0.4978,
CT1,12-Mar-19,21-Mar-19,9,1,1B,R114,R,bug,2,1.7139,1.9669,0.4225,0.5009,
CT1,12-Mar-19,21-Mar-19,9,1,1B,R115,R,bug,2,1.6074,1.8421,0.3828,0.4496,
CT1,12-Mar-19,21-Mar-19,9,1,1B,R116,R,bug,2,1.6683,1.8679,0.3747,0.4372,
CT1,12-Mar-19,21-Mar-19,9,1,1B,A111,A,microbes,3,1.6854,1.7647,0.4515,NA,Microbes
CT1,12-Mar-19,21-Mar-19,9,1,1B,A112,A,microbes,3,1.7644,1.8421,0.3971,0.4156,Microbes
CT1,12-Mar-19,21-Mar-19,9,1,1B,A113,A,bug,3,1.8905,2.0711,0.4581,0.4894,
CT1,12-Mar-19,21-Mar-19,9,1,1B,A114,A,bug,3,1.6516,1.7761,0.3111,0.3355,
CT1,12-Mar-19,21-Mar-19,9,1,1B,A115,A,bug,3,1.6697,1.8097,0.3511,0.3787,
CT1,12-Mar-19,21-Mar-19,9,1,1B,A116,A,bug,3,1.7482,1.888,0.4127,0.4425,
CT1,12-Mar-19,21-Mar-19,9,1,1C,R121,R,microbes,2,1.7389,1.8978,0.4165,NA,Microbes
CT1,12-Mar-19,21-Mar-19,9,1,1C,R122,R,microbes,2,1.6589,1.8353,0.4075,0.465,Microbes
CT1,12-Mar-19,21-Mar-19,9,1,1C,R123,R,bug,2,1.7799,2.1051,0.3822,0.4681,
CT1,12-Mar-19,21-Mar-19,9,1,1C,R124,R,bug,2,1.7627,2.0151,0.4497,0.5241,
CT1,12-Mar-19,21-Mar-19,9,1,1C,R125,R,bug,2,1.7484,2.1168,0.4908,0.5944,
CT1,12-Mar-19,21-Mar-19,9,1,1C,R126,R,bug,2,1.8478,2.1476,0.4501,0.5292,
CT1,12-Mar-19,21-Mar-19,9,1,1C,A121,A,microbes,3,1.8431,1.9283,0.3678,NA,Microbes
CT1,12-Mar-19,21-Mar-19,9,1,1C,A122,A,microbes,3,1.8026,1.8754,0.3557,0.3859,Microbes
CT1,12-Mar-19,21-Mar-19,9,1,1C,A123,A,bug,3,1.6894,1.8627,0.4991,0.527,
CT1,12-Mar-19,21-Mar-19,9,1,1C,A124,A,bug,3,1.7814,1.8962,0.4216,0.4461,
CT1,12-Mar-19,21-Mar-19,9,1,1C,A125,A,bug,3,1.7045,1.8243,0.3682,0.3912,
CT1,12-Mar-19,21-Mar-19,9,1,1C,A126,A,bug,3,1.7183,1.8384,0.4092,0.4385,
CT1,12-Mar-19,21-Mar-19,9,3,3B,R131,R,microbes,2,1.6809,1.8691,0.4531,NA,Microbes
CT1,12-Mar-19,21-Mar-19,9,3,3B,R132,R,microbes,2,1.8442,2.0626,0.3827,0.4401,Microbes
CT1,12-Mar-19,21-Mar-19,9,3,3B,R133,R,bug,2,1.9147,2.1637,0.4362,0.5087,
CT1,12-Mar-19,21-Mar-19,9,3,3B,R134,R,bug,2,1.9876,2.1572,0.4049,0.4723,
CT1,12-Mar-19,21-Mar-19,9,3,3B,R135,R,bug,2,1.6956,1.8973,0.4025,0.4731,
CT1,12-Mar-19,21-Mar-19,9,3,3B,R136,R,bug,2,1.8371,2.1186,0.4098,0.4917,
CT1,12-Mar-19,21-Mar-19,9,3,3B,A131,A,microbes,3,1.8398,1.9208,0.4026,NA,Microbes
CT1,12-Mar-19,21-Mar-19,9,3,3B,A132,A,microbes,3,1.7995,1.7582,0.3446,0.3646,Microbes -- exclude?
CT1,12-Mar-19,21-Mar-19,9,3,3B,A133,A,bug,3,1.8375,2.0265,0.4377,0.4773,
CT1,12-Mar-19,21-Mar-19,9,3,3B,A134,A,bug,3,1.8139,1.9722,0.3501,0.3777,
CT1,12-Mar-19,21-Mar-19,9,3,3B,A135,A,bug,3,1.7435,1.8618,0.3601,0.3828,
CT1,12-Mar-19,21-Mar-19,9,3,3B,A136,A,bug,3,1.7464,1.9291,0.4215,0.4483,
CT1,12-Mar-19,21-Mar-19,9,4,4B,R141,R,microbes,2,1.7666,2.0107,0.4195,NA,Microbes
CT1,12-Mar-19,21-Mar-19,9,4,4B,R142,R,microbes,2,1.8384,1.9604,0.4427,0.4854,Microbes
CT1,12-Mar-19,21-Mar-19,9,4,4B,R143,R,bug,2,1.6584,1.8987,0.4855,0.5561,
CT1,12-Mar-19,21-Mar-19,9,4,4B,R144,R,bug,2,1.744,2.108,0.3464,0.4513,
CT1,12-Mar-19,21-Mar-19,9,4,4B,R145,R,bug,2,1.6764,2.007,0.3909,0.4862,
CT1,12-Mar-19,21-Mar-19,9,4,4B,R146,R,bug,2,1.6632,1.9665,0.4377,0.5216,
CT1,12-Mar-19,21-Mar-19,9,4,4B,A141,A,microbes,3,1.9417,2.0505,0.358,NA,Microbes
CT1,12-Mar-19,21-Mar-19,9,4,4B,A142,A,microbes,3,1.8341,1.9076,0.4095,0.4249,Microbes
CT1,12-Mar-19,21-Mar-19,9,4,4B,A143,A,bug,3,1.7861,1.9188,0.389,0.412,
CT1,12-Mar-19,21-Mar-19,9,4,4B,A144,A,bug,3,1.8271,1.9696,0.405,0.4455,
CT1,12-Mar-19,21-Mar-19,9,4,4B,A145,A,bug,3,1.6824,1.8233,0.4165,0.4439,
CT1,13-Mar-19,21-Mar-19,8,4,4B,A146,A,bug,3,1.8435,1.9808,0.4487,0.4615,
CT1,13-Mar-19,21-Mar-19,8,0,0B,R151,R,microbes,2,1.7935,2.0056,0.2975,NA,
CT1,13-Mar-19,21-Mar-19,8,0,0B,R152,R,microbes,2,1.7633,1.9929,0.3617,0.4303,
CT1,13-Mar-19,21-Mar-19,8,0,0B,R153,R,bug,2,1.68,2.0164,0.4271,0.5243,
CT1,13-Mar-19,21-Mar-19,8,0,0B,R154,R,bug,2,1.8139,2.0756,0.4819,0.5671,
CT1,13-Mar-19,21-Mar-19,8,0,0B,R155,R,bug,2,1.8853,2.2245,0.4649,0.5366,
CT1,13-Mar-19,21-Mar-19,8,0,0B,R156,R,bug,2,1.8213,2.1242,0.4219,0.5146,
CT1,13-Mar-19,21-Mar-19,8,0,0B,A151,A,microbes,3,1.8965,1.9464,0.3504,NA,
CT1,13-Mar-19,21-Mar-19,8,0,0B,A152,A,microbes,3,1.6551,1.7164,0.3384,0.3574,
CT1,13-Mar-19,21-Mar-19,8,0,0B,A153,A,bug,3,1.6761,1.7777,0.3461,0.3615,
CT1,13-Mar-19,21-Mar-19,8,0,0B,A154,A,bug,3,1.8219,1.8278,0.3411,0.3673,
CT1,13-Mar-19,21-Mar-19,8,0,0B,A155,A,bug,3,1.7026,1.834,0.3796,0.4092,
CT1,13-Mar-19,21-Mar-19,8,0,0B,A156,A,bug,3,1.8993,2.0113,0.4113,0.4359,
CT1,13-Mar-19,21-Mar-19,8,3,3C,R161,R,microbes,2,1.816,2.0256,0.4221,NA,
CT1,13-Mar-19,21-Mar-19,8,3,3C,R162,R,microbes,2,1.7084,1.8814,0.4951,0.5599,
CT1,13-Mar-19,21-Mar-19,8,3,3C,R163,R,bug,2,1.7129,1.9968,0.4448,0.5267,
CT1,13-Mar-19,21-Mar-19,8,3,3C,R164,R,bug,2,1.6489,1.8813,0.3613,0.4315,
CT1,13-Mar-19,21-Mar-19,8,3,3C,R165,R,bug,2,1.8074,2.0619,0.3707,0.448,
CT1,13-Mar-19,21-Mar-19,8,3,3C,R166,R,bug,2,1.7667,2.0698,0.3754,0.4666,
CT1,13-Mar-19,21-Mar-19,8,3,3C,A161,A,microbes,3,1.8334,1.924,0.4279,NA,
CT1,13-Mar-19,21-Mar-19,8,3,3C,A162,A,microbes,3,1.8105,1.8835,0.3603,0.3849,
CT1,13-Mar-19,21-Mar-19,8,3,3C,A163,A,bug,3,1.785,1.9359,0.3092,0.3363,
CT1,13-Mar-19,21-Mar-19,8,3,3C,A164,A,bug,3,1.8727,2.0421,0.3635,0.3935,
CT1,13-Mar-19,21-Mar-19,8,3,3C,A165,A,bug,3,1.7374,1.8713,0.2953,0.3247,
CT1,13-Mar-19,21-Mar-19,8,3,3C,A166,A,bug,3,1.8193,1.9935,0.4118,0.4463,
CT1,13-Mar-19,21-Mar-19,8,4,4A,R171,R,microbes,2,1.6908,1.8638,0.4546,NA,
CT1,13-Mar-19,21-Mar-19,8,4,4A,R172,R,microbes,2,1.7894,1.9424,0.4539,0.5055,
CT1,13-Mar-19,21-Mar-19,8,4,4A,R173,R,bug,2,1.8209,1.9999,0.4206,0.4771,
CT1,13-Mar-19,21-Mar-19,8,4,4A,R174,R,bug,2,1.7983,1.9868,0.3655,0.4169,
CT1,13-Mar-19,21-Mar-19,8,4,4A,R175,R,bug,2,1.8198,2.0708,0.3467,0.4087,
CT1,13-Mar-19,21-Mar-19,8,4,4A,R176,R,bug,2,1.6621,1.8617,0.4053,0.4656,
CT1,13-Mar-19,21-Mar-19,8,4,4A,A171,A,microbes,3,1.7134,1.8059,0.4017,NA,
CT1,13-Mar-19,21-Mar-19,8,4,4A,A172,A,microbes,3,1.6608,1.8139,0.4705,0.5064,
CT1,13-Mar-19,21-Mar-19,8,4,4A,A173,A,bug,3,1.7154,2.0076,0.3852,0.4426,
CT1,13-Mar-19,21-Mar-19,8,4,4A,A174,A,bug,3,1.7373,1.9298,0.4487,0.5016,
CT1,13-Mar-19,21-Mar-19,8,4,4A,A175,A,bug,3,1.8456,2.0842,0.3758,0.435,
CT1,13-Mar-19,21-Mar-19,8,4,4A,A176,A,bug,3,1.7086,1.9672,0.4368,0.4923,
CT1,13-Mar-19,21-Mar-19,8,2,2D,R181,R,microbes,2,1.7435,1.8928,0.4583,NA,
CT1,13-Mar-19,21-Mar-19,8,2,2D,R182,R,microbes,2,1.7123,1.8716,0.4804,0.5314,
CT1,13-Mar-19,21-Mar-19,8,2,2D,R183,R,bug,2,1.7309,1.9959,0.4335,0.5151,
CT1,13-Mar-19,21-Mar-19,8,2,2D,R184,R,bug,2,1.7585,2.0292,0.3738,0.4542,
CT1,13-Mar-19,21-Mar-19,8,2,2D,R185,R,bug,2,1.8371,2.1075,0.3628,0.4424,
CT1,13-Mar-19,21-Mar-19,8,2,2D,R186,R,bug,2,1.7171,2.0122,0.4737,0.5641,
CT1,13-Mar-19,21-Mar-19,8,2,2D,A181,A,microbes,2,1.731,1.7853,0.3503,NA,
CT1,13-Mar-19,21-Mar-19,8,2,2D,A182,A,microbes,3,1.7585,1.8288,0.3814,0.399,
CT1,13-Mar-19,21-Mar-19,8,2,2D,A183,A,bug,3,1.7751,1.8231,0.4143,0.4517,
CT1,13-Mar-19,21-Mar-19,8,2,2D,A184,A,bug,3,1.7055,1.8593,0.4619,0.4916,
CT1,13-Mar-19,21-Mar-19,8,2,2D,A185,A,bug,3,1.7393,1.8703,0.4592,0.4834,
CT1,13-Mar-19,21-Mar-19,8,2,2D,A186,A,bug,3,1.7942,1.9275,0.4507,0.4776,
CT1,13-Mar-19,21-Mar-19,8,1,1D,R191,R,microbes,2,1.7125,1.8781,0.3339,NA,
CT1,13-Mar-19,21-Mar-19,8,1,1D,R192,R,microbes,2,1.7066,1.9538,0.4267,0.4912,
CT1,13-Mar-19,21-Mar-19,8,1,1D,R193,R,bug,2,1.7019,2.0245,0.3877,0.4788,
CT1,13-Mar-19,21-Mar-19,8,1,1D,R194,R,bug,2,1.721,2.0351,0.4083,0.5012,
CT1,13-Mar-19,21-Mar-19,8,1,1D,R195,R,bug,2,1.8293,2.0385,0.3731,0.4329,
CT1,13-Mar-19,21-Mar-19,8,1,1D,R196,R,bug,2,1.7311,1.9427,0.3957,0.4562,
CT1,13-Mar-19,21-Mar-19,8,1,1D,A191,A,microbes,2,1.7481,1.8124,0.3586,NA,
CT1,13-Mar-19,21-Mar-19,8,1,1D,A192,A,microbes,3,1.7598,1.8517,0.3688,0.3885,
CT1,13-Mar-19,21-Mar-19,8,1,1D,A193,A,bug,3,1.8649,2.0487,0.4603,0.5033,
CT1,13-Mar-19,21-Mar-19,8,1,1D,A194,A,bug,3,1.6883,1.872,0.3959,0.4375,
CT1,13-Mar-19,21-Mar-19,8,1,1D,A195,A,bug,3,1.7281,1.8824,0.4244,0.4595,
CT1,13-Mar-19,21-Mar-19,8,1,1D,A196,A,bug,3,1.7817,1.9221,0.3931,0.4164,
CT2,27-Mar-19,3-Apr-19,7,2,2A,R001,R,microbes,2,1.8104,2.054,0.5333,0.6153,
CT2,27-Mar-19,3-Apr-19,7,2,2A,R002,R,microbes,2,1.6808,1.9463,NA,NA,
CT2,27-Mar-19,3-Apr-19,7,2,2A,R007,R,bug,2,1.6146,1.8698,0.5456,0.6252,
CT2,27-Mar-19,3-Apr-19,7,2,2A,R008,R,bug,2,1.7373,2.0548,0.4903,0.5918,
CT2,27-Mar-19,3-Apr-19,7,2,2A,A001,A,microbes,3,1.8468,2.004,0.5076,0.5468,
CT2,27-Mar-19,3-Apr-19,7,2,2A,A002,A,microbes,3,1.8722,2.067,NA,NA,
CT2,27-Mar-19,3-Apr-19,7,2,2A,A008,A,bug,3,1.8856,2.0642,0.4316,0.467,
CT2,27-Mar-19,3-Apr-19,7,2,2A,A009,A,bug,3,1.7833,1.9471,0.4283,0.4564,
CT2,27-Mar-19,3-Apr-19,7,0,0C,R011,R,microbes,2,1.7573,2.0245,0.3598,0.4416,
CT2,27-Mar-19,3-Apr-19,7,0,0C,R012,R,microbes,2,1.8417,2.056,NA,NA,
CT2,27-Mar-19,3-Apr-19,7,0,0C,R017,R,bug,2,1.6578,1.9162,0.3608,0.4454,
CT2,27-Mar-19,3-Apr-19,7,0,0C,R018,R,bug,2,1.8615,2.1183,0.321,0.4048,
CT2,27-Mar-19,3-Apr-19,7,0,0C,A011,A,microbes,3,1.8503,2.0347,0.3298,0.3729,
CT2,27-Mar-19,3-Apr-19,7,0,0C,A012,A,microbes,3,1.7762,1.9428,NA,NA,
CT2,27-Mar-19,3-Apr-19,7,0,0C,A017,A,bug,3,1.6922,1.906,0.3574,0.3992,
CT2,27-Mar-19,3-Apr-19,7,0,0C,A018,A,bug,3,1.8625,2.0269,0.3057,0.3425,
CT2,27-Mar-19,3-Apr-19,7,4,4D,R021,R,microbes,2,1.8291,2.2123,0.3191,0.4284,
CT2,27-Mar-19,3-Apr-19,7,4,4D,R022,R,microbes,2,1.7153,1.9668,NA,NA,
CT2,27-Mar-19,3-Apr-19,7,4,4D,R027,R,bug,2,1.716,1.9217,0.3156,0.3829,
CT2,27-Mar-19,3-Apr-19,7,4,4D,R029,R,bug,2,1.8405,2.103,0.3411,0.4085,
CT2,27-Mar-19,3-Apr-19,7,4,4D,A021,A,microbes,3,1.7222,1.8914,0.318,0.3567,
CT2,27-Mar-19,3-Apr-19,7,4,4D,A022,A,microbes,3,1.7346,1.923,NA,NA,
CT2,27-Mar-19,3-Apr-19,7,4,4D,A027,A,bug,3,1.7456,1.9476,0.3082,0.3501,
CT2,27-Mar-19,3-Apr-19,7,4,4D,A028,A,bug,3,1.6687,1.816,0.3254,0.3547,
CT2,27-Mar-19,3-Apr-19,7,3,3D,R031,R,microbes,2,1.6593,1.8441,0.4698,0.5496,
CT2,27-Mar-19,3-Apr-19,7,3,3D,R032,R,microbes,2,1.731,1.8925,NA,NA,
CT2,27-Mar-19,3-Apr-19,7,3,3D,R037,R,bug,2,1.8783,2.0813,0.4957,0.5658,
CT2,27-Mar-19,3-Apr-19,7,3,3D,R038,R,bug,2,1.7584,1.9917,0.4625,0.539,
CT2,27-Mar-19,3-Apr-19,7,3,3D,A031,A,microbes,3,1.7022,1.9263,0.4743,0.5341,
CT2,27-Mar-19,3-Apr-19,7,3,3D,A032,A,microbes,3,1.7513,1.9453,NA,NA,
CT2,27-Mar-19,3-Apr-19,7,3,3D,A037,A,bug,3,1.7732,1.9575,0.4908,0.5271,
CT2,27-Mar-19,3-Apr-19,7,3,3D,A038,A,bug,3,1.8549,2.0255,0.4702,0.5061,
CT2,27-Mar-19,3-Apr-19,7,0,0A,R041,R,microbes,2,1.7036,2.1403,0.5224,0.651,
CT2,27-Mar-19,3-Apr-19,7,0,0A,R042,R,microbes,2,1.8512,2.2858,NA,NA,
CT2,27-Mar-19,3-Apr-19,7,0,0A,R047,R,bug,2,1.6746,2.1023,0.4116,0.5336,
CT2,27-Mar-19,3-Apr-19,7,0,0A,R048,R,bug,2,1.7543,2.0129,0.4338,0.5241,
CT2,27-Mar-19,3-Apr-19,7,0,0A,A041,A,microbes,3,1.7326,1.9291,0.4686,0.5156,
CT2,27-Mar-19,3-Apr-19,7,0,0A,A042,A,microbes,3,1.7512,2.0076,NA,NA,
CT2,27-Mar-19,3-Apr-19,7,0,0A,A047,A,bug,3,1.8114,1.9786,0.495,0.5375,
CT2,27-Mar-19,3-Apr-19,7,0,0A,A048,A,bug,3,1.7861,1.8949,0.4506,0.4675,
CT2,27-Mar-19,3-Apr-19,7,0,0D,R051,R,microbes,2,1.7992,2.0408,0.4443,0.5491,
CT2,27-Mar-19,3-Apr-19,7,0,0D,R052,R,microbes,2,1.7028,2.0072,NA,NA,
CT2,27-Mar-19,3-Apr-19,7,0,0D,R057,R,bug,2,1.8343,2.0887,0.4664,0.5488,
CT2,27-Mar-19,3-Apr-19,7,0,0D,R058,R,bug,2,1.8884,2.1512,0.4297,0.5152,
CT2,27-Mar-19,3-Apr-19,7,0,0D,A051,A,microbes,3,1.8107,2.0113,0.3969,0.455,
CT2,27-Mar-19,3-Apr-19,7,0,0D,A052,A,microbes,3,1.8305,2.0059,NA,NA,
CT2,27-Mar-19,3-Apr-19,7,0,0D,A057,A,bug,3,1.7263,1.8526,0.464,0.4946,
CT2,27-Mar-19,3-Apr-19,7,0,0D,A058,A,bug,3,1.6955,1.8851,0.4543,0.4807,
CT2,27-Mar-19,3-Apr-19,7,2,2B,R061,R,microbes,2,1.7494,1.9686,0.4432,0.5169,
CT2,27-Mar-19,3-Apr-19,7,2,2B,R062,R,microbes,2,1.8179,2.0457,NA,NA,
CT2,27-Mar-19,3-Apr-19,7,2,2B,R067,R,bug,2,1.7453,2.0471,0.4693,0.5459,
CT2,27-Mar-19,3-Apr-19,7,2,2B,R068,R,bug,2,1.7346,2.1457,0.4655,0.596,
CT2,27-Mar-19,3-Apr-19,7,2,2B,A061,A,microbes,3,1.8197,1.9279,0.4463,0.4731,
CT2,27-Mar-19,3-Apr-19,7,2,2B,A062,A,microbes,3,1.8275,2.0762,NA,NA,
CT2,27-Mar-19,3-Apr-19,7,2,2B,A067,A,bug,3,1.8241,1.9845,0.4204,0.4461,
CT2,27-Mar-19,3-Apr-19,7,2,2B,A068,A,bug,3,1.7013,1.9149,0.5395,0.5828,
CT2,27-Mar-19,3-Apr-19,7,3,3A,R071,R,microbes,2,1.7409,1.8851,0.4463,0.4965,
CT2,27-Mar-19,3-Apr-19,7,3,3A,R072,R,microbes,2,1.7014,1.9717,NA,NA,
CT2,27-Mar-19,3-Apr-19,7,3,3A,R077,R,bug,2,1.7401,2.0482,0.4063,0.4933,
CT2,27-Mar-19,3-Apr-19,7,3,3A,R078,R,bug,2,1.6622,1.9964,0.5492,0.6461,
CT2,27-Mar-19,3-Apr-19,7,3,3A,A071,A,microbes,3,1.593,1.7236,0.5825,0.6179,
CT2,27-Mar-19,3-Apr-19,7,3,3A,A072,A,microbes,3,1.6767,1.8447,NA,NA,
CT2,27-Mar-19,3-Apr-19,7,3,3A,A077,A,bug,3,1.7988,1.9359,0.4503,0.4836,
CT2,27-Mar-19,3-Apr-19,7,3,3A,A078,A,bug,3,1.7868,1.9865,0.4618,0.5081,
CT2,27-Mar-19,3-Apr-19,7,2,2C,R081,R,microbes,2,1.6526,1.8234,0.4329,0.4906,
CT2,27-Mar-19,3-Apr-19,7,2,2C,R082,R,microbes,2,1.7537,1.9167,NA,NA,
CT2,27-Mar-19,3-Apr-19,7,2,2C,R087,R,bug,2,1.7987,1.9871,0.4828,0.5396,
CT2,27-Mar-19,3-Apr-19,7,2,2C,R088,R,bug,2,1.7146,1.9274,0.4858,0.5468,
CT2,27-Mar-19,3-Apr-19,7,2,2C,A081,A,microbes,3,1.7026,1.8964,0.4657,0.519,
CT2,27-Mar-19,3-Apr-19,7,2,2C,A082,A,microbes,3,1.7793,1.914,NA,NA,
CT2,27-Mar-19,3-Apr-19,7,2,2C,A087,A,bug,3,1.7443,1.9116,0.387,0.4226,
CT2,27-Mar-19,3-Apr-19,7,2,2C,A088,A,bug,3,1.7971,1.916,0.5248,0.5475,
CT2,27-Mar-19,3-Apr-19,7,1,1A,R091,R,microbes,2,1.7596,2.0501,0.408,0.5112,
CT2,27-Mar-19,3-Apr-19,7,1,1A,R092,R,microbes,2,1.6396,1.8452,NA,NA,
CT2,27-Mar-19,3-Apr-19,7,1,1A,R097,R,bug,2,1.7239,2.0544,0.4057,0.4994,
CT2,27-Mar-19,3-Apr-19,7,1,1A,R098,R,bug,2,1.7115,1.9783,0.4453,0.5301,
CT2,27-Mar-19,3-Apr-19,7,1,1A,A091,A,microbes,3,1.6555,1.8201,0.3908,0.4391,
CT2,27-Mar-19,3-Apr-19,7,1,1A,A092,A,microbes,3,1.7257,1.9384,NA,NA,
CT2,27-Mar-19,3-Apr-19,7,1,1A,A097,A,bug,3,1.6158,1.8188,0.4726,0.5133,
CT2,27-Mar-19,3-Apr-19,7,1,1A,A098,A,bug,3,1.6902,1.9066,0.4589,0.5079,
CT2,27-Mar-19,3-Apr-19,7,4,4C,R101,R,microbes,2,1.8045,1.9742,0.428,0.4898,
CT2,27-Mar-19,3-Apr-19,7,4,4C,R102,R,microbes,2,1.8033,2.097,NA,NA,
CT2,27-Mar-19,3-Apr-19,7,4,4C,R107,R,bug,2,1.6712,1.985,0.4959,0.5735,
CT2,27-Mar-19,3-Apr-19,7,4,4C,R108,R,bug,2,1.8093,2.1461,0.3995,0.5064,
CT2,27-Mar-19,3-Apr-19,7,4,4C,A101,A,microbes,3,1.7106,1.8273,0.5526,0.5763,
CT2,27-Mar-19,3-Apr-19,7,4,4C,A102,A,microbes,3,1.777,1.8657,NA,NA,
CT2,27-Mar-19,3-Apr-19,7,4,4C,A107,A,bug,3,1.7965,1.9468,0.5038,0.5336,
CT2,27-Mar-19,3-Apr-19,7,4,4C,A108,A,bug,3,1.8059,1.9578,0.3985,0.4281,
CT2,27-Mar-19,3-Apr-19,7,1,1B,R111,R,microbes,2,1.8223,2.1103,0.4705,0.5582,
CT2,27-Mar-19,3-Apr-19,7,1,1B,R112,R,microbes,2,1.7162,1.9104,NA,NA,
CT2,27-Mar-19,3-Apr-19,7,1,1B,R117,R,bug,2,1.7858,2.0211,0.5532,0.634,
CT2,27-Mar-19,3-Apr-19,7,1,1B,R118,R,bug,2,1.6317,1.8722,0.4626,0.5396,
CT2,27-Mar-19,3-Apr-19,7,1,1B,A111,A,microbes,3,1.6858,1.827,0.3739,0.4077,
CT2,27-Mar-19,3-Apr-19,7,1,1B,A112,A,microbes,3,1.764,1.8838,NA,NA,
CT2,27-Mar-19,3-Apr-19,7,1,1B,A117,A,bug,3,1.7429,1.9365,0.3839,0.4289,
CT2,27-Mar-19,3-Apr-19,7,1,1B,A118,A,bug,3,1.6917,1.8863,0.3882,0.4335,
CT2,27-Mar-19,3-Apr-19,7,1,1C,R121,R,microbes,2,1.739,1.8786,0.4324,0.4795,
CT2,27-Mar-19,3-Apr-19,7,1,1C,R122,R,microbes,2,1.6623,1.904,NA,NA,
CT2,27-Mar-19,3-Apr-19,7,1,1C,R127,R,bug,2,1.6898,2.0613,0.4349,0.5502,
CT2,27-Mar-19,3-Apr-19,7,1,1C,R128,R,bug,2,1.718,2.0428,0.3764,0.4927,
CT2,27-Mar-19,3-Apr-19,7,1,1C,A121,A,microbes,3,1.8363,1.9764,0.3446,0.3812,
CT2,27-Mar-19,3-Apr-19,7,1,1C,A122,A,microbes,3,1.8059,1.9742,NA,NA,
CT2,27-Mar-19,3-Apr-19,7,1,1C,A127,A,bug,3,1.8239,1.9382,0.3344,0.3503,
CT2,27-Mar-19,3-Apr-19,7,1,1C,A128,A,bug,3,1.7638,1.909,0.4103,0.436,
CT2,27-Mar-19,3-Apr-19,7,3,3B,R131,R,microbes,2,1.6756,1.7916,0.3439,0.3832,
CT2,27-Mar-19,3-Apr-19,7,3,3B,R132,R,microbes,2,1.8445,1.9284,NA,NA,
CT2,27-Mar-19,3-Apr-19,7,3,3B,R137,R,bug,2,1.7485,1.8726,0.4035,0.4448,
CT2,27-Mar-19,3-Apr-19,7,3,3B,R138,R,bug,2,1.8137,2.0085,0.3559,0.4303,
CT2,27-Mar-19,3-Apr-19,7,3,3B,A131,A,microbes,3,1.8403,1.9482,0.3827,0.4092,
CT2,27-Mar-19,3-Apr-19,7,3,3B,A132,A,microbes,3,1.7993,1.986,NA,NA,
CT2,27-Mar-19,3-Apr-19,7,3,3B,A137,A,bug,3,1.7912,1.914,0.3396,0.3638,
CT2,27-Mar-19,3-Apr-19,7,3,3B,A138,A,bug,3,1.7674,1.9989,0.3675,0.4238,
CT2,28-Mar-19,3-Apr-19,6,4,4B,R141,R,microbes,2,1.7666,2.0991,0.3351,0.4317,
CT2,28-Mar-19,3-Apr-19,6,4,4B,R142,R,microbes,2,1.8387,2.2286,NA,NA,
CT2,28-Mar-19,3-Apr-19,6,4,4B,R147,R,bug,2,1.7921,2.1552,0.3826,0.4743,
CT2,28-Mar-19,3-Apr-19,6,4,4B,R148,R,bug,2,1.7308,2.1212,0.3147,0.4353,
CT2,28-Mar-19,3-Apr-19,6,4,4B,A141,A,microbes,3,1.9352,2.0578,0.4203,0.4462,
CT2,28-Mar-19,3-Apr-19,6,4,4B,A142,A,microbes,3,1.8335,1.9321,NA,NA,
CT2,28-Mar-19,3-Apr-19,6,4,4B,A147,A,bug,3,1.8557,1.9285,0.3964,0.4141,
CT2,28-Mar-19,3-Apr-19,6,4,4B,A148,A,bug,3,1.7987,1.9114,0.3605,0.3873,
CT2,28-Mar-19,4-Apr-19,7,0,0B,R151,R,microbes,2,1.7944,2.0866,0.4502,0.5316,
CT2,28-Mar-19,4-Apr-19,7,0,0B,R152,R,microbes,2,1.7641,2.096,NA,NA,
CT2,28-Mar-19,4-Apr-19,7,0,0B,R157,R,bug,2,1.813,2.1388,0.3883,0.4839,
CT2,28-Mar-19,4-Apr-19,7,0,0B,R158,R,bug,2,1.754,2.0817,0.5872,0.6915,
CT2,28-Mar-19,4-Apr-19,7,0,0B,A151,A,microbes,3,1.8967,1.9937,0.4796,0.5045,
CT2,28-Mar-19,4-Apr-19,7,0,0B,A152,A,microbes,3,1.6555,1.82,NA,NA,
CT2,28-Mar-19,4-Apr-19,7,0,0B,A157,A,bug,3,1.697,1.8317,0.484,0.5091,
CT2,28-Mar-19,4-Apr-19,7,0,0B,A158,A,bug,3,1.8324,1.9858,0.4269,0.4615,
CT2,28-Mar-19,4-Apr-19,7,3,3C,R161,R,microbes,2,1.8202,2.193,0.2691,NA,
CT2,28-Mar-19,4-Apr-19,7,3,3C,R162,R,microbes,2,1.719,1.9817,NA,NA,
CT2,28-Mar-19,4-Apr-19,7,3,3C,R167,R,bug,2,1.8299,1.9653,0.3072,NA,
CT2,28-Mar-19,4-Apr-19,7,3,3C,R168,R,bug,2,1.6557,1.8477,0.3512,NA,
CT2,28-Mar-19,4-Apr-19,7,3,3C,A161,A,microbes,3,1.833,1.9335,0.3565,NA,
CT2,28-Mar-19,4-Apr-19,7,3,3C,A162,A,microbes,3,1.8097,1.95,NA,NA,
CT2,28-Mar-19,4-Apr-19,7,3,3C,A167,A,bug,3,1.6462,1.7647,0.3494,NA,
CT2,28-Mar-19,4-Apr-19,7,3,3C,A168,A,bug,3,1.716,1.866,0.4805,NA,
CT2,28-Mar-19,4-Apr-19,7,4,4A,R171,R,microbes,2,1.6951,1.9143,0.4742,0.5368,
CT2,28-Mar-19,4-Apr-19,7,4,4A,R172,R,microbes,2,1.789,2.1213,NA,NA,
CT2,28-Mar-19,4-Apr-19,7,4,4A,R177,R,bug,2,1.7272,1.935,0.4513,0.5224,
CT2,28-Mar-19,4-Apr-19,7,4,4A,R178,R,bug,2,1.825,1.981,0.4713,0.523,
CT2,28-Mar-19,4-Apr-19,7,4,4A,A171,A,microbes,3,1.713,1.8485,0.4584,0.4912,
CT2,28-Mar-19,4-Apr-19,7,4,4A,A172,A,microbes,3,1.6612,1.8361,NA,NA,
CT2,28-Mar-19,4-Apr-19,7,4,4A,A177,A,bug,3,1.7144,1.8735,0.6117,0.654,
CT2,28-Mar-19,4-Apr-19,7,4,4A,A178,A,bug,3,1.724,1.91,0.6076,0.6458,
CT2,28-Mar-19,4-Apr-19,7,2,2D,R181,R,microbes,2,1.7457,1.9359,0.3296,0.389,
CT2,28-Mar-19,4-Apr-19,7,2,2D,R182,R,microbes,2,1.7146,1.9568,NA,NA,
CT2,28-Mar-19,4-Apr-19,7,2,2D,R187,R,bug,2,1.7523,2.015,0.3562,NA,
CT2,28-Mar-19,4-Apr-19,7,2,2D,R188,R,bug,2,1.7781,2.0545,0.3954,NA,
CT2,28-Mar-19,4-Apr-19,7,2,2D,A181,A,microbes,3,1.7305,1.9104,0.315,NA,
CT2,28-Mar-19,4-Apr-19,7,2,2D,A182,A,microbes,3,1.7593,1.9215,NA,NA,
CT2,28-Mar-19,4-Apr-19,7,2,2D,A187,A,bug,3,1.8472,1.97,0.3175,NA,
CT2,28-Mar-19,4-Apr-19,7,2,2D,A188,A,bug,3,1.7944,1.9755,0.3423,NA,
CT2,28-Mar-19,4-Apr-19,7,1,1D,R191,R,microbes,2,1.7134,2.1056,0.3686,0.4219,
CT2,28-Mar-19,4-Apr-19,7,1,1D,R192,R,microbes,2,1.7058,1.9314,NA,NA,
CT2,28-Mar-19,4-Apr-19,7,1,1D,R197,R,bug,2,1.7602,1.932,0.3884,0.4478,
CT2,28-Mar-19,4-Apr-19,7,1,1D,R198,R,bug,2,1.6929,1.9106,0.3676,0.4414,
CT2,28-Mar-19,4-Apr-19,7,1,1D,A191,A,microbes,3,1.7488,1.9598,0.3741,0.4986,
CT2,28-Mar-19,4-Apr-19,7,1,1D,A192,A,microbes,3,1.7594,1.9803,NA,NA,
CT2,28-Mar-19,4-Apr-19,7,1,1D,A197,A,bug,3,1.71,1.8613,0.4095,0.4429,
CT2,28-Mar-19,4-Apr-19,7,1,1D,A198,A,bug,3,1.707,1.9029,0.4502,0.4875,
CT3,10-Apr-19,17-Apr-19,7,2,2A,R001,R,microbes,2,1.8074,1.9334,NA,NA,*check takedown datasheet for dates!!!! 
CT3,10-Apr-19,17-Apr-19,7,2,2A,R002,R,microbes,2,1.6779,1.8985,0.2516,0.3296,*also try to figure out setup dates…
CT3,10-Apr-19,17-Apr-19,7,2,2A,R009,R,bug,2,1.6387,1.9035,0.3205,0.4118,
CT3,10-Apr-19,17-Apr-19,7,2,2A,R010,R,bug,2,1.7481,2.069,0.3937,0.4054,
CT3,10-Apr-19,17-Apr-19,7,2,2A,A001,A,microbes,3,1.846,2.0804,NA,NA,
CT3,10-Apr-19,17-Apr-19,7,2,2A,A002,A,microbes,3,1.8467,1.9882,0.4372,0.4888,
CT3,10-Apr-19,17-Apr-19,7,2,2A,A009,A,bug,3,1.7809,1.9914,0.4029,0.4672,
CT3,10-Apr-19,17-Apr-19,7,2,2A,A010,A,bug,3,1.8516,2.0678,0.3671,0.3798,
CT3,10-Apr-19,17-Apr-19,7,0,0C,R011,R,microbes,2,1.7551,1.8319,NA,NA,
CT3,10-Apr-19,17-Apr-19,7,0,0C,R012,R,microbes,2,1.8363,1.9188,0.5384,0.5794,
CT3,10-Apr-19,17-Apr-19,7,0,0C,R019,R,bug,2,1.8191,2.1415,0.735,0.8561,
CT3,10-Apr-19,17-Apr-19,7,0,0C,R020,R,bug,2,1.7593,2.0864,0.5336,0.6567,
CT3,10-Apr-19,17-Apr-19,7,0,0C,A011,A,microbes,3,1.8436,1.9051,NA,NA,
CT3,10-Apr-19,17-Apr-19,7,0,0C,A012,A,microbes,3,1.7675,1.853,0.631,0.6609,
CT3,10-Apr-19,17-Apr-19,7,0,0C,A019,A,bug,3,1.88,2.0799,0.4606,0.5219,
CT3,10-Apr-19,17-Apr-19,7,0,0C,A020,A,bug,3,1.7909,1.9703,0.5609,0.6128,
CT3,10-Apr-19,17-Apr-19,7,4,4D,R021,R,microbes,2,1.8271,1.9998,NA,NA,
CT3,10-Apr-19,17-Apr-19,7,4,4D,R022,R,microbes,2,1.715,1.8466,0.5125,0.5707,
CT3,10-Apr-19,17-Apr-19,7,4,4D,R029,R,bug,2,1.8398,2.1265,0.5367,0.6845,
CT3,10-Apr-19,17-Apr-19,7,4,4D,R024,R,bug,2,1.8375,2.2885,0.5599,0.6733,
CT3,10-Apr-19,17-Apr-19,7,4,4D,A021,A,microbes,3,1.7193,1.7951,NA,NA,
CT3,10-Apr-19,17-Apr-19,7,4,4D,A022,A,microbes,3,1.7336,1.8091,0.4556,0.4844,
CT3,10-Apr-19,17-Apr-19,7,4,4D,A029,A,bug,3,1.8967,2.09,0.4755,0.5147,
CT3,10-Apr-19,17-Apr-19,7,4,4D,A024,A,bug,3,1.6807,1.8792,0.4806,0.5273,
CT3,10-Apr-19,17-Apr-19,7,3,3D,R031,R,microbes,2,1.6613,1.7727,NA,NA,
CT3,10-Apr-19,17-Apr-19,7,3,3D,R032,R,microbes,2,1.7339,1.8204,0.3384,0.3743,
CT3,10-Apr-19,17-Apr-19,7,3,3D,R036,R,bug,2,1.6971,1.9502,0.4318,0.5158,
CT3,10-Apr-19,17-Apr-19,7,3,3D,R040,R,bug,2,1.6708,1.9754,0.434,0.5256,
CT3,10-Apr-19,17-Apr-19,7,3,3D,A031,A,microbes,3,1.7001,1.833,NA,NA,
CT3,10-Apr-19,17-Apr-19,7,3,3D,A032,A,microbes,3,1.7575,1.9293,0.4724,0.5229,
CT3,10-Apr-19,17-Apr-19,7,3,3D,A033,A,bug,3,1.7281,2.0349,0.4741,0.5521,
CT3,10-Apr-19,17-Apr-19,7,3,3D,A040,A,bug,3,1.6752,1.9597,0.4568,0.5218,
CT3,10-Apr-19,17-Apr-19,7,0,0A,R041,R,microbes,2,1.7037,1.8702,NA,NA,
CT3,10-Apr-19,17-Apr-19,7,0,0A,R042,R,microbes,2,1.8508,1.9958,0.2789,0.3418,
CT3,10-Apr-19,17-Apr-19,7,0,0A,R049,R,bug,2,1.6749,2.0611,0.3377,0.4723,
CT3,10-Apr-19,17-Apr-19,7,0,0A,R050,R,bug,2,1.7976,2.0789,0.4476,0.5492,
CT3,10-Apr-19,17-Apr-19,7,0,0A,A041,A,microbes,3,1.7356,1.8721,NA,NA,
CT3,10-Apr-19,17-Apr-19,7,0,0A,A042,A,microbes,3,1.7511,1.872,0.3879,0.4294,
CT3,10-Apr-19,17-Apr-19,7,0,0A,A049,A,bug,3,1.8348,2.1035,0.3776,0.4605,
CT3,10-Apr-19,17-Apr-19,7,0,0A,A050,A,bug,3,1.7739,2.0322,0.452,0.5235,
CT3,10-Apr-19,17-Apr-19,7,0,0D,R051,R,microbes,2,1.7988,1.8599,NA,NA,
CT3,10-Apr-19,17-Apr-19,7,0,0D,R052,R,microbes,2,1.703,1.7915,0.4108,0.4564,
CT3,10-Apr-19,17-Apr-19,7,0,0D,R059,R,bug,2,1.7136,1.9843,0.4676,0.5896,
CT3,10-Apr-19,17-Apr-19,7,0,0D,R060,R,bug,2,1.8246,2.1081,0.4715,0.5797,
CT3,10-Apr-19,17-Apr-19,7,0,0D,A051,A,microbes,3,1.8124,1.9334,NA,NA,
CT3,10-Apr-19,17-Apr-19,7,0,0D,A052,A,microbes,3,1.8308,1.9206,0.4363,0.4593,
CT3,10-Apr-19,17-Apr-19,7,0,0D,A059,A,bug,3,1.9006,2.1126,0.5414,0.608,
CT3,10-Apr-19,17-Apr-19,7,0,0D,A060,A,bug,3,1.7141,1.8998,0.5313,0.5781,
CT3,10-Apr-19,17-Apr-19,7,2,2B,R061,R,microbes,2,1.7504,1.8699,NA,NA,
CT3,10-Apr-19,17-Apr-19,7,2,2B,R062,R,microbes,2,1.8175,1.9781,0.4113,0.4436,
CT3,10-Apr-19,17-Apr-19,7,2,2B,R069,R,bug,2,1.7127,2.0069,0.5038,0.6009,
CT3,10-Apr-19,17-Apr-19,7,2,2B,R070,R,bug,2,1.7493,2.033,0.4806,0.5705,
CT3,10-Apr-19,17-Apr-19,7,2,2B,A061,A,microbes,3,1.82,1.9161,NA,NA,
CT3,10-Apr-19,17-Apr-19,7,2,2B,A062,A,microbes,3,1.828,1.902,0.4493,0.5067,
CT3,10-Apr-19,17-Apr-19,7,2,2B,A069,A,bug,3,1.8218,2.0316,0.4235,0.4924,
CT3,10-Apr-19,17-Apr-19,7,2,2B,A070,A,bug,3,1.7562,1.9606,0.3689,0.3698,
CT3,10-Apr-19,17-Apr-19,7,3,3A,R071,R,microbes,2,1.7382,1.8315,NA,NA,
CT3,10-Apr-19,17-Apr-19,7,3,3A,R072,R,microbes,2,1.7022,1.7712,0.4954,0.538,
CT3,10-Apr-19,17-Apr-19,7,3,3A,R079,R,bug,2,1.7163,1.9089,0.5227,0.6327,
CT3,10-Apr-19,17-Apr-19,7,3,3A,R074,R,bug,2,1.8598,2.1381,0.4227,0.5045,
CT3,10-Apr-19,17-Apr-19,7,3,3A,A071,A,microbes,3,1.5928,1.673,NA,NA,
CT3,10-Apr-19,17-Apr-19,7,3,3A,A072,A,microbes,3,1.6737,1.7528,0.4707,0.4966,
CT3,10-Apr-19,17-Apr-19,7,3,3A,A079,A,bug,3,1.8688,2.0312,0.4211,0.4773,
CT3,10-Apr-19,17-Apr-19,7,3,3A,A080,A,bug,3,1.8307,2.0138,0.5122,0.5615,
CT3,10-Apr-19,17-Apr-19,7,2,2C,R081,R,microbes,2,1.6488,1.7744,NA,NA,
CT3,10-Apr-19,17-Apr-19,7,2,2C,R082,R,microbes,2,1.7546,1.9058,0.5387,0.5999,
CT3,10-Apr-19,17-Apr-19,7,2,2C,R089,R,bug,2,1.799,2.0961,0.5751,0.6748,
CT3,10-Apr-19,17-Apr-19,7,2,2C,R090,R,bug,2,1.7188,2.0168,0.4904,0.6087,
CT3,10-Apr-19,17-Apr-19,7,2,2C,A081,A,microbes,3,1.7037,1.7811,NA,NA,
CT3,10-Apr-19,17-Apr-19,7,2,2C,A082,A,microbes,3,1.78,1.8472,0.5178,0.5429,
CT3,10-Apr-19,17-Apr-19,7,2,2C,A089,A,bug,3,1.7376,1.9211,0.4339,0.4926,
CT3,10-Apr-19,17-Apr-19,7,2,2C,A090,A,bug,3,1.7976,2.051,0.4955,0.5728,
CT3,10-Apr-19,17-Apr-19,7,1,1A,R091,R,microbes,2,1.757,1.8814,NA,NA,
CT3,10-Apr-19,17-Apr-19,7,1,1A,R092,R,microbes,2,1.6402,1.82,0.4493,0.5121,
CT3,10-Apr-19,17-Apr-19,7,1,1A,R099,R,bug,2,1.7849,1.9392,0.4253,0.4895,
CT3,10-Apr-19,17-Apr-19,7,1,1A,R100,R,bug,2,1.7619,1.9438,0.4146,0.4741,
CT3,10-Apr-19,17-Apr-19,7,1,1A,A091,A,microbes,3,1.655,1.7564,NA,NA,
CT3,10-Apr-19,17-Apr-19,7,1,1A,A092,A,microbes,3,1.7266,1.8509,0.4156,0.4602,
CT3,10-Apr-19,17-Apr-19,7,1,1A,A094,A,bug,3,1.7435,1.9884,0.4202,NA,
CT3,10-Apr-19,17-Apr-19,7,1,1A,A100,A,bug,3,1.7713,1.9826,0.4831,0.5431,
CT3,10-Apr-19,17-Apr-19,7,4,4C,R101,R,microbes,2,1.8061,1.8926,NA,NA,
CT3,10-Apr-19,17-Apr-19,7,4,4C,R102,R,microbes,2,1.8031,1.9081,0.5042,0.5517,
CT3,10-Apr-19,17-Apr-19,7,4,4C,R103,R,bug,2,1.849,2.0485,0.408,0.4745,
CT3,10-Apr-19,17-Apr-19,7,4,4C,R105,R,bug,2,1.8239,2.0578,0.5099,0.5993,
CT3,10-Apr-19,17-Apr-19,7,4,4C,A101,A,microbes,3,1.7106,1.7753,NA,NA,
CT3,10-Apr-19,17-Apr-19,7,4,4C,A102,A,microbes,3,1.7786,1.8324,0.4534,0.479,
CT3,10-Apr-19,17-Apr-19,7,4,4C,A109,A,bug,3,1.8918,2.0701,0.5202,0.5738,
CT3,10-Apr-19,17-Apr-19,7,4,4C,A110,A,bug,3,1.7454,1.945,0.4292,0.4861,
CT3,10-Apr-19,17-Apr-19,7,1,1B,R111,R,microbes,2,1.8157,1.9111,NA,NA,
CT3,10-Apr-19,17-Apr-19,7,1,1B,R112,R,microbes,2,1.7209,1.7925,0.4451,0.4796,
CT3,10-Apr-19,17-Apr-19,7,1,1B,R119,R,bug,2,1.7357,1.9261,0.4521,0.5182,
CT3,10-Apr-19,17-Apr-19,7,1,1B,R120,R,bug,2,1.647,1.8858,0.4269,0.522,
CT3,10-Apr-19,17-Apr-19,7,1,1B,A111,A,microbes,3,1.6905,1.7479,NA,NA,
CT3,10-Apr-19,17-Apr-19,7,1,1B,A112,A,microbes,3,1.7651,1.8262,0.4309,0.4588,
CT3,10-Apr-19,17-Apr-19,7,1,1B,A119,A,bug,3,1.671,1.842,0.4674,0.5301,
CT3,10-Apr-19,17-Apr-19,7,1,1B,A120,A,bug,3,1.7698,1.9703,0.5074,0.5705,
CT3,10-Apr-19,17-Apr-19,7,1,1C,R121,R,microbes,2,1.7395,1.873,NA,NA,
CT3,10-Apr-19,17-Apr-19,7,1,1C,R122,R,microbes,2,1.6596,1.7614,0.54,0.5932,
CT3,10-Apr-19,17-Apr-19,7,1,1C,R129,R,bug,2,1.5977,1.8793,0.5794,0.6926,
CT3,10-Apr-19,17-Apr-19,7,1,1C,R130,R,bug,2,1.7971,2.0948,0.5436,0.667,
CT3,10-Apr-19,17-Apr-19,7,1,1C,A121,A,microbes,3,1.8355,1.9319,NA,NA,
CT3,10-Apr-19,17-Apr-19,7,1,1C,A122,A,microbes,3,1.8014,1.8806,0.4953,0.5312,
CT3,10-Apr-19,17-Apr-19,7,1,1C,A129,A,bug,3,1.714,1.9322,0.4457,0.5082,
CT3,10-Apr-19,17-Apr-19,7,1,1C,A130,A,bug,3,1.8735,2.0929,0.4327,0.4923,
CT3,10-Apr-19,17-Apr-19,7,3,3B,R131,R,microbes,2,1.6758,1.7499,NA,NA,
CT3,10-Apr-19,17-Apr-19,7,3,3B,R132,R,microbes,2,1.8446,1.9566,0.5114,0.5556,
CT3,10-Apr-19,17-Apr-19,7,3,3B,R139,R,bug,2,1.867,2.1767,0.5303,0.6431,
CT3,10-Apr-19,17-Apr-19,7,3,3B,R140,R,bug,2,1.9027,2.1746,0.4681,0.5604,
CT3,10-Apr-19,17-Apr-19,7,3,3B,A131,A,microbes,3,1.8401,1.9504,NA,NA,
CT3,10-Apr-19,17-Apr-19,7,3,3B,A132,A,microbes,3,1.8008,1.9018,0.4148,0.4527,
CT3,10-Apr-19,17-Apr-19,7,3,3B,A139,A,bug,3,1.737,1.97,0.5103,0.5941,
CT3,10-Apr-19,17-Apr-19,7,3,3B,A140,A,bug,3,1.7333,1.9082,0.5001,0.5539,
CT3,10-Apr-19,17-Apr-19,7,4,4B,R141,R,microbes,2,1.7664,1.8569,NA,NA,
CT3,10-Apr-19,17-Apr-19,7,4,4B,R142,R,microbes,2,1.839,1.9172,0.4324,0.4751,
CT3,10-Apr-19,17-Apr-19,7,4,4B,R148,R,bug,2,1.7308,2.0216,0.6608,0.7643,
CT3,10-Apr-19,17-Apr-19,7,4,4B,R150,R,bug,2,1.8509,2.1175,0.4371,0.5377,
CT3,10-Apr-19,17-Apr-19,7,4,4B,A141,A,microbes,3,1.9351,2.03,NA,NA,
CT3,10-Apr-19,17-Apr-19,7,4,4B,A142,A,microbes,3,1.8339,1.9459,0.5586,0.6003,
CT3,10-Apr-19,17-Apr-19,7,4,4B,A149,A,bug,3,1.8771,2.0556,0.5552,0.6074,
CT3,10-Apr-19,17-Apr-19,7,4,4B,A146,A,bug,3,1.9272,2.1041,0.4713,0.5466,
CT3,10-Apr-19,17-Apr-19,7,0,0B,R151,R,microbes,2,1.7934,2.0062,NA,NA,
CT3,10-Apr-19,17-Apr-19,7,0,0B,R152,R,microbes,2,1.7636,1.8963,0.5001,0.554,
CT3,10-Apr-19,17-Apr-19,7,0,0B,R159,R,bug,2,1.752,2.1699,0.4632,0.6123,
CT3,10-Apr-19,17-Apr-19,7,0,0B,R160,R,bug,2,1.7236,1.9975,0.5232,NA,
CT3,10-Apr-19,17-Apr-19,7,0,0B,A151,A,microbes,3,1.8975,2.0334,NA,NA,
CT3,10-Apr-19,17-Apr-19,7,0,0B,A152,A,microbes,3,1.6559,1.825,0.5081,0.5719,
CT3,10-Apr-19,17-Apr-19,7,0,0B,A159,A,bug,3,1.7589,2.0123,0.5308,0.6134,
CT3,10-Apr-19,17-Apr-19,7,0,0B,A160,A,bug,3,1.8806,2.0848,0.4539,0.5112,
CT3,10-Apr-19,17-Apr-19,7,3,3C,R161,R,microbes,2,1.8162,1.9126,NA,NA,
CT3,10-Apr-19,17-Apr-19,7,3,3C,R162,R,microbes,2,1.7192,1.8426,0.4535,0.4976,
CT3,10-Apr-19,17-Apr-19,7,3,3C,R167,R,bug,2,1.7337,2.0039,0.3114,0.4019,
CT3,10-Apr-19,17-Apr-19,7,3,3C,R168,R,bug,2,1.8855,2.1869,0.3848,0.478,
CT3,10-Apr-19,17-Apr-19,7,3,3C,A161,A,microbes,3,1.8326,1.9205,NA,NA,
CT3,10-Apr-19,17-Apr-19,7,3,3C,A162,A,microbes,3,1.8106,1.9176,0.3724,0.4051,
CT3,10-Apr-19,17-Apr-19,7,3,3C,A169,A,bug,3,1.7462,1.9267,0.3972,0.4592,
CT3,10-Apr-19,17-Apr-19,7,3,3C,A170,A,bug,3,1.7253,1.9342,0.3947,0.4502,
CT3,10-Apr-19,17-Apr-19,7,4,4A,R171,R,microbes,2,1.6901,1.8115,NA,NA,
CT3,10-Apr-19,17-Apr-19,7,4,4A,R172,R,microbes,2,1.7884,1.9455,0.4351,0.4926,
CT3,10-Apr-19,17-Apr-19,7,4,4A,R179,R,bug,2,1.634,1.9127,0.6067,0.7211,
CT3,10-Apr-19,17-Apr-19,7,4,4A,R180,R,bug,2,1.7357,2.0185,0.6313,0.73,
CT3,10-Apr-19,17-Apr-19,7,4,4A,A171,A,microbes,3,1.7133,1.8007,NA,NA,
CT3,10-Apr-19,17-Apr-19,7,4,4A,A172,A,microbes,3,1.6611,1.7645,0.4546,0.4814,
CT3,10-Apr-19,17-Apr-19,7,4,4A,A178,A,bug,2,1.7451,1.8594,0.6037,0.6503,
CT3,10-Apr-19,17-Apr-19,7,4,4A,A180,A,bug,2,1.7499,1.9308,0.4352,0.5023,
CT3,10-Apr-19,17-Apr-19,7,2,2D,R181,R,microbes,2,1.743,1.8422,NA,NA,
CT3,10-Apr-19,17-Apr-19,7,2,2D,R182,R,microbes,2,1.714,1.8699,0.4386,0.5011,
CT3,10-Apr-19,17-Apr-19,7,2,2D,R189,R,bug,2,1.7731,2.0668,0.6179,0.7292,
CT3,10-Apr-19,17-Apr-19,7,2,2D,R190,R,bug,2,1.8598,2.1641,0.5597,0.6725,
CT3,10-Apr-19,17-Apr-19,7,2,2D,A181,A,microbes,3,1.7312,1.7994,NA,NA,
CT3,10-Apr-19,17-Apr-19,7,2,2D,A182,A,microbes,3,1.7584,1.8271,0.4792,0.5021,
CT3,10-Apr-19,17-Apr-19,7,2,2D,A189,A,bug,3,1.7117,1.9132,0.4458,0.509,
CT3,10-Apr-19,17-Apr-19,7,2,2D,A190,A,bug,3,1.7362,1.983,0.4619,0.5326,
CT3,10-Apr-19,17-Apr-19,7,1,1D,R191,R,microbes,2,1.7148,1.8114,NA,NA,
CT3,10-Apr-19,17-Apr-19,7,1,1D,R192,R,microbes,2,1.7071,1.8264,0.5528,0.6024,
CT3,10-Apr-19,17-Apr-19,7,1,1D,R198,R,bug,2,1.894,2.1484,0.6196,0.7275,
CT3,10-Apr-19,17-Apr-19,7,1,1D,R199,R,bug,2,1.6931,2.136,0.6729,0.7658,
CT3,10-Apr-19,17-Apr-19,7,1,1D,A191,A,microbes,3,1.75,1.809,NA,NA,
CT3,10-Apr-19,17-Apr-19,7,1,1D,A192,A,microbes,3,1.7593,1.8358,0.5499,0.5774,
CT3,10-Apr-19,17-Apr-19,7,1,1D,A199,A,bug,3,1.7856,2.0536,0.526,0.6047,
CT3,10-Apr-19,17-Apr-19,7,1,1D,A200,A,bug,3,1.756,1.9778,0.6365,0.7044,
,,,,,,,,,,,,,,
,,,,,,,,,,,,,,
,,,,,,,,,,,,,,
,,,,,,,,,,,,,,
,,,,,,,,,,,,,,
,,,,,,,,,,,,,,
,,,,,,,,,,,,,,
,,,,,,,,,,,,,,
,,,,,,,,,,,,,,
,,,,,,,,,,,,,,
,,,,,,,,,,,,,,
,,,,,,,,,,,,,,
,,,,,,,,,,,,,,
,,,,,,,,,,,,,,
,,,,,,,,,,,,,,
,,,,,,,,,,,,,,
,,,,,,,,,,,,,,
,,,,,,,,,,,,,,
,,,,,,,,,,,,,,
,,,,,,,,,,,,,,
,,,,,,,,,,,,,,
,,,,,,,,,,,,,,
,,,,,,,,,,,,,,
,,,,,,,,,,,,,,
,,,,,,,,,,,,,,
,,,,,,,,,,,,,,
,,,,,,,,,,,,,,
,,,,,,,,,,,,,,
,,,,,,,,,,,,,,
,,,,,,,,,,,,,,
,,,,,,,,,,,,,,
,,,,,,,,,,,,,,
,,,,,,,,,,,,,,
,,,,,,,,,,,,,,
,,,,,,,,,,,,,,
,,,,,,,,,,,,,,
,,,,,,,,,,,,,,
,,,,,,,,,,,,,,
,,,,,,,,,,,,,,
,,,,,,,,,,,,,,
,,,,,,,,,,,,,,
,,,,,,,,,,,,,,
,,,,,,,,,,,,,,
,,,,,,,,,,,,,,
,,,,,,,,,,,,,,
,,,,,,,,,,,,,,
,,,,,,,,,,,,,,
,,,,,,,,,,,,,,
,,,,,,,,,,,,,,
,,,,,,,,,,,,,,
,,,,,,,,,,,,,,
,,,,,,,,,,,,,,
,,,,,,,,,,,,,,
,,,,,,,,,,,,,,
,,,,,,,,,,,,,,
,,,,,,,,,,,,,,
,,,,,,,,,,,,,,
,,,,,,,,,,,,,,
,,,,,,,,,,,,,,
,,,,,,,,,,,,,,
,,,,,,,,,,,,,,
,,,,,,,,,,,,,,
,,,,,,,,,,,,,,
,,,,,,,,,,,,,,
,,,,,,,,,,,,,,
,,,,,,,,,,,,,,
,,,,,,,,,,,,,,
,,,,,,,,,,,,,,
,,,,,,,,,,,,,,
,,,,,,,,,,,,,,
,,,,,,,,,,,,,,
,,,,,,,,,,,,,,
,,,,,,,,,,,,,,
,,,,,,,,,,,,,,
,,,,,,,,,,,,,,
,,,,,,,,,,,,,,
,,,,,,,,,,,,,,
,,,,,,,,,,,,,,
,,,,,,,,,,,,,,
,,,,,,,,,,,,,,
,,,,,,,,,,,,,,
,,,,,,,,,,,,,,
,,,,,,,,,,,,,,
,,,,,,,,,,,,,,
,,,,,,,,,,,,,,
,,,,,,,,,,,,,,
,,,,,,,,,,,,,,
,,,,,,,,,,,,,,
,,,,,,,,,,,,,,
,,,,,,,,,,,,,,
,,,,,,,,,,,,,,
,,,,,,,,,,,,,,
,,,,,,,,,,,,,,
,,,,,,,,,,,,,,
,,,,,,,,,,,,,,
,,,,,,,,,,,,,,
,,,,,,,,,,,,,,
,,,,,,,,,,,,,,
,,,,,,,,,,,,,,
,,,,,,,,,,,,,,
,,,,,,,,,,,,,,
,,,,,,,,,,,,,,
,,,,,,,,,,,,,,
,,,,,,,,,,,,,,
,,,,,,,,,,,,,,
,,,,,,,,,,,,,,
,,,,,,,,,,,,,,
,,,,,,,,,,,,,,
,,,,,,,,,,,,,,
,,,,,,,,,,,,,,
,,,,,,,,,,,,,,
,,,,,,,,,,,,,,
,,,,,,,,,,,,,,
,,,,,,,,,,,,,,
,,,,,,,,,,,,,,
,,,,,,,,,,,,,,
,,,,,,,,,,,,,,
,,,,,,,,,,,,,,
,,,,,,,,,,,,,,
,,,,,,,,,,,,,,
,,,,,,,,,,,,,,
,,,,,,,,,,,,,,
,,,,,,,,,,,,,,
,,,,,,,,,,,,,,
,,,,,,,,,,,,,,
,,,,,,,,,,,,,,
,,,,,,,,,,,,,,
,,,,,,,,,,,,,,
,,,,,,,,,,,,,,
,,,,,,,,,,,,,,
,,,,,,,,,,,,,,
,,,,,,,,,,,,,,
,,,,,,,,,,,,,,
,,,,,,,,,,,,,,
,,,,,,,,,,,,,,
,,,,,,,,,,,,,,
,,,,,,,,,,,,,,
,,,,,,,,,,,,,,
,,,,,,,,,,,,,,
,,,,,,,,,,,,,,
,,,,,,,,,,,,,,
,,,,,,,,,,,,,,
,,,,,,,,,,,,,,
,,,,,,,,,,,,,,
,,,,,,,,,,,,,,
,,,,,,,,,,,,,,
,,,,,,,,,,,,,,
,,,,,,,,,,,,,,
,,,,,,,,,,,,,,
,,,,,,,,,,,,,,
,,,,,,,,,,,,,,
,,,,,,,,,,,,,,
,,,,,,,,,,,,,,
,,,,,,,,,,,,,,
,,,,,,,,,,,,,,
,,,,,,,,,,,,,,
,,,,,,,,,,,,,,
,,,,,,,,,,,,,,
,,,,,,,,,,,,,,
,,,,,,,,,,,,,,
,,,,,,,,,,,,,,
,,,,,,,,,,,,,,
,,,,,,,,,,,,,,
,,,,,,,,,,,,,,
,,,,,,,,,,,,,,
,,,,,,,,,,,,,,
,,,,,,,,,,,,,,
,,,,,,,,,,,,,,
,,,,,,,,,,,,,,
,,,,,,,,,,,,,,
,,,,,,,,,,,,,,
,,,,,,,,,,,,,,
,,,,,,,,,,,,,,
,,,,,,,,,,,,,,
,,,,,,,,,,,,,,
,,,,,,,,,,,,,,
,,,,,,,,,,,,,,
,,,,,,,,,,,,,,
,,,,,,,,,,,,,,
,,,,,,,,,,,,,,
,,,,,,,,,,,,,,
,,,,,,,,,,,,,,
,,,,,,,,,,,,,,
,,,,,,,,,,,,,,
,,,,,,,,,,,,,,
,,,,,,,,,,,,,,
,,,,,,,,,,,,,,
,,,,,,,,,,,,,,
,,,,,,,,,,,,,,
,,,,,,,,,,,,,,
,,,,,,,,,,,,,,
,,,,,,,,,,,,,,
,,,,,,,,,,,,,,
,,,,,,,,,,,,,,
,,,,,,,,,,,,,,
,,,,,,,,,,,,,,
,,,,,,,,,,,,,,
,,,,,,,,,,,,,,
,,,,,,,,,,,,,,
,,,,,,,,,,,,,,
,,,,,,,,,,,,,,
,,,,,,,,,,,,,,
,,,,,,,,,,,,,,
,,,,,,,,,,,,,,
,,,,,,,,,,,,,,
,,,,,,,,,,,,,,
,,,,,,,,,,,,,,
,,,,,,,,,,,,,,
,,,,,,,,,,,,,,
,,,,,,,,,,,,,,
,,,,,,,,,,,,,,
,,,,,,,,,,,,,,
,,,,,,,,,,,,,,
,,,,,,,,,,,,,,
,,,,,,,,,,,,,,
,,,,,,,,,,,,,,
,,,,,,,,,,,,,,
,,,,,,,,,,,,,,
,,,,,,,,,,,,,,
,,,,,,,,,,,,,,
,,,,,,,,,,,,,,
,,,,,,,,,,,,,,
,,,,,,,,,,,,,,
,,,,,,,,,,,,,,
,,,,,,,,,,,,,,
,,,,,,,,,,,,,,
,,,,,,,,,,,,,,
,,,,,,,,,,,,,,
,,,,,,,,,,,,,,
,,,,,,,,,,,,,,
,,,,,,,,,,,,,,
,,,,,,,,,,,,,,
,,,,,,,,,,,,,,
,,,,,,,,,,,,,,
,,,,,,,,,,,,,,
,,,,,,,,,,,,,,
,,,,,,,,,,,,,,
,,,,,,,,,,,,,,
,,,,,,,,,,,,,,
,,,,,,,,,,,,,,
,,,,,,,,,,,,,,
,,,,,,,,,,,,,,
,,,,,,,,,,,,,,
,,,,,,,,,,,,,,
,,,,,,,,,,,,,,
,,,,,,,,,,,,,,
,,,,,,,,,,,,,,
,,,,,,,,,,,,,,
,,,,,,,,,,,,,,
,,,,,,,,,,,,,,
,,,,,,,,,,,,,,
,,,,,,,,,,,,,,
,,,,,,,,,,,,,,
,,,,,,,,,,,,,,
,,,,,,,,,,,,,,
,,,,,,,,,,,,,,
,,,,,,,,,,,,,,
,,,,,,,,,,,,,,
,,,,,,,,,,,,,,
,,,,,,,,,,,,,,
,,,,,,,,,,,,,,
,,,,,,,,,,,,,,
,,,,,,,,,,,,,,
,,,,,,,,,,,,,,
,,,,,,,,,,,,,,
,,,,,,,,,,,,,,
,,,,,,,,,,,,,,
,,,,,,,,,,,,,,
,,,,,,,,,,,,,,
,,,,,,,,,,,,,,
,,,,,,,,,,,,,,
,,,,,,,,,,,,,,
,,,,,,,,,,,,,,
,,,,,,,,,,,,,,
,,,,,,,,,,,,,,
,,,,,,,,,,,,,,
,,,,,,,,,,,,,,
,,,,,,,,,,,,,,
,,,,,,,,,,,,,,
,,,,,,,,,,,,,,
,,,,,,,,,,,,,,
,,,,,,,,,,,,,,
,,,,,,,,,,,,,,
,,,,,,,,,,,,,,
,,,,,,,,,,,,,,
,,,,,,,,,,,,,,
,,,,,,,,,,,,,,
,,,,,,,,,,,,,,
,,,,,,,,,,,,,,
,,,,,,,,,,,,,,
,,,,,,,,,,,,,,
,,,,,,,,,,,,,,
,,,,,,,,,,,,,,
,,,,,,,,,,,,,,
,,,,,,,,,,,,,,
,,,,,,,,,,,,,,
,,,,,,,,,,,,,,
,,,,,,,,,,,,,,
,,,,,,,,,,,,,,
,,,,,,,,,,,,,,
,,,,,,,,,,,,,,
,,,,,,,,,,,,,,
,,,,,,,,,,,,,,
,,,,,,,,,,,,,,
,,,,,,,,,,,,,,
,,,,,,,,,,,,,,
,,,,,,,,,,,,,,
,,,,,,,,,,,,,,
,,,,,,,,,,,,,,
,,,,,,,,,,,,,,
,,,,,,,,,,,,,,
,,,,,,,,,,,,,,
,,,,,,,,,,,,,,
,,,,,,,,,,,,,,
,,,,,,,,,,,,,,
,,,,,,,,,,,,,,
,,,,,,,,,,,,,,
,,,,,,,,,,,,,,
,,,,,,,,,,,,,,
,,,,,,,,,,,,,,
,,,,,,,,,,,,,,
,,,,,,,,,,,,,,
,,,,,,,,,,,,,,
,,,,,,,,,,,,,,
,,,,,,,,,,,,,,
,,,,,,,,,,,,,,
,,,,,,,,,,,,,,
,,,,,,,,,,,,,,
,,,,,,,,,,,,,,
,,,,,,,,,,,,,,
,,,,,,,,,,,,,,
,,,,,,,,,,,,,,
,,,,,,,,,,,,,,
,,,,,,,,,,,,,,
,,,,,,,,,,,,,,
,,,,,,,,,,,,,,
,,,,,,,,,,,,,,
,,,,,,,,,,,,,,
,,,,,,,,,,,,,,
,,,,,,,,,,,,,,
,,,,,,,,,,,,,,
,,,,,,,,,,,,,,
,,,,,,,,,,,,,,
,,,,,,,,,,,,,,
,,,,,,,,,,,,,,
,,,,,,,,,,,,,,
,,,,,,,,,,,,,,
,,,,,,,,,,,,,,
,,,,,,,,,,,,,,
,,,,,,,,,,,,,,
,,,,,,,,,,,,,,
,,,,,,,,,,,,,,
,,,,,,,,,,,,,,
,,,,,,,,,,,,,,
,,,,,,,,,,,,,,
,,,,,,,,,,,,,,
,,,,,,,,,,,,,,
,,,,,,,,,,,,,,
,,,,,,,,,,,,,,
,,,,,,,,,,,,,,
,,,,,,,,,,,,,,
,,,,,,,,,,,,,,
,,,,,,,,,,,,,,
,,,,,,,,,,,,,,
,,,,,,,,,,,,,,
,,,,,,,,,,,,,,
,,,,,,,,,,,,,,
,,,,,,,,,,,,,,
,,,,,,,,,,,,,,
,,,,,,,,,,,,,,
,,,,,,,,,,,,,,
,,,,,,,,,,,,,,
,,,,,,,,,,,,,,
,,,,,,,,,,,,,,
,,,,,,,,,,,,,,
,,,,,,,,,,,,,,
,,,,,,,,,,,,,,
,,,,,,,,,,,,,,
,,,,,,,,,,,,,,
,,,,,,,,,,,,,,
,,,,,,,,,,,,,,
,,,,,,,,,,,,,,
,,,,,,,,,,,,,,
,,,,,,,,,,,,,,
,,,,,,,,,,,,,,
,,,,,,,,,,,,,,
,,,,,,,,,,,,,,
,,,,,,,,,,,,,,
,,,,,,,,,,,,,,
,,,,,,,,,,,,,,
,,,,,,,,,,,,,,
,,,,,,,,,,,,,,
,,,,,,,,,,,,,,
,,,,,,,,,,,,,,
,,,,,,,,,,,,,,
,,,,,,,,,,,,,,
,,,,,,,,,,,,,,
,,,,,,,,,,,,,,
,,,,,,,,,,,,,,
,,,,,,,,,,,,,,
,,,,,,,,,,,,,,
,,,,,,,,,,,,,,
,,,,,,,,,,,,,,
,,,,,,,,,,,,,,
,,,,,,,,,,,,,,
,,,,,,,,,,,,,,
,,,,,,,,,,,,,,
,,,,,,,,,,,,,,
,,,,,,,,,,,,,,
,,,,,,,,,,,,,,
,,,,,,,,,,,,,,
,,,,,,,,,,,,,,
,,,,,,,,,,,,,,
,,,,,,,,,,,,,,
,,,,,,,,,,,,,,
,,,,,,,,,,,,,,
,,,,,,,,,,,,,,
,,,,,,,,,,,,,,
,,,,,,,,,,,,,,
,,,,,,,,,,,,,,
,,,,,,,,,,,,,,
,,,,,,,,,,,,,,
,,,,,,,,,,,,,,
,,,,,,,,,,,,,,
,,,,,,,,,,,,,,
,,,,,,,,,,,,,,
,,,,,,,,,,,,,,
,,,,,,,,,,,,,,
,,,,,,,,,,,,,,
,,,,,,,,,,,,,,
,,,,,,,,,,,,,,
,,,,,,,,,,,,,,
,,,,,,,,,,,,,,
,,,,,,,,,,,,,,
,,,,,,,,,,,,,,
,,,,,,,,,,,,,,
,,,,,,,,,,,,,,
,,,,,,,,,,,,,,
,,,,,,,,,,,,,,
,,,,,,,,,,,,,,
,,,,,,,,,,,,,,
,,,,,,,,,,,,,,
,,,,,,,,,,,,,,
,,,,,,,,,,,,,,
,,,,,,,,,,,,,,
,,,,,,,,,,,,,,
,,,,,,,,,,,,,,
,,,,,,,,,,,,,,
,,,,,,,,,,,,,,
,,,,,,,,,,,,,,
,,,,,,,,,,,,,,
,,,,,,,,,,,,,,
,,,,,,,,,,,,,,
,,,,,,,,,,,,,,
,,,,,,,,,,,,,,
,,,,,,,,,,,,,,
,,,,,,,,,,,,,,
,,,,,,,,,,,,,,
,,,,,,,,,,,,,,
,,,,,,,,,,,,,,
,,,,,,,,,,,,,,
,,,,,,,,,,,,,,
,,,,,,,,,,,,,,
,,,,,,,,,,,,,,
,,,,,,,,,,,,,,
,,,,,,,,,,,,,,
,,,,,,,,,,,,,,
,,,,,,,,,,,,,,
,,,,,,,,,,,,,,
,,,,,,,,,,,,,,
,,,,,,,,,,,,,,
,,,,,,,,,,,,,,
,,,,,,,,,,,,,,
,,,,,,,,,,,,,,
,,,,,,,,,,,,,,
,,,,,,,,,,,,,,
,,,,,,,,,,,,,,
,,,,,,,,,,,,,,
,,,,,,,,,,,,,,
,,,,,,,,,,,,,,
,,,,,,,,,,,,,,
,,,,,,,,,,,,,,
,,,,,,,,,,,,,,
,,,,,,,,,,,,,,
,,,,,,,,,,,,,,
,,,,,,,,,,,,,,
,,,,,,,,,,,,,,
,,,,,,,,,,,,,,
,,,,,,,,,,,,,,
,,,,,,,,,,,,,,
,,,,,,,,,,,,,,
,,,,,,,,,,,,,,
,,,,,,,,,,,,,,
,,,,,,,,,,,,,,
,,,,,,,,,,,,,,
,,,,,,,,,,,,,,
,,,,,,,,,,,,,,
,,,,,,,,,,,,,,
,,,,,,,,,,,,,,
,,,,,,,,,,,,,,
,,,,,,,,,,,,,,
,,,,,,,,,,,,,,
,,,,,,,,,,,,,,
,,,,,,,,,,,,,,
,,,,,,,,,,,,,,
,,,,,,,,,,,,,,
,,,,,,,,,,,,,,
,,,,,,,,,,,,,,
,,,,,,,,,,,,,,
,,,,,,,,,,,,,,
,,,,,,,,,,,,,,
,,,,,,,,,,,,,,
,,,,,,,,,,,,,,
,,,,,,,,,,,,,,
,,,,,,,,,,,,,,
,,,,,,,,,,,,,,
,,,,,,,,,,,,,,
,,,,,,,,,,,,,,
,,,,,,,,,,,,,,
,,,,,,,,,,,,,,
,,,,,,,,,,,,,,
,,,,,,,,,,,,,,
,,,,,,,,,,,,,,
,,,,,,,,,,,,,,
,,,,,,,,,,,,,,
,,,,,,,,,,,,,,
,,,,,,,,,,,,,,
,,,,,,,,,,,,,,
,,,,,,,,,,,,,,
,,,,,,,,,,,,,,
,,,,,,,,,,,,,,
,,,,,,,,,,,,,,
,,,,,,,,,,,,,,
,,,,,,,,,,,,,,
,,,,,,,,,,,,,,
,,,,,,,,,,,,,,
,,,,,,,,,,,,,,
,,,,,,,,,,,,,,
,,,,,,,,,,,,,,
,,,,,,,,,,,,,,
,,,,,,,,,,,,,,
,,,,,,,,,,,,,,
,,,,,,,,,,,,,,
,,,,,,,,,,,,,,
,,,,,,,,,,,,,,
,,,,,,,,,,,,,,
,,,,,,,,,,,,,,
,,,,,,,,,,,,,,
,,,,,,,,,,,,,,
,,,,,,,,,,,,,,
,,,,,,,,,,,,,,
,,,,,,,,,,,,,,
,,,,,,,,,,,,,,
,,,,,,,,,,,,,,
,,,,,,,,,,,,,,
,,,,,,,,,,,,,,
,,,,,,,,,,,,,,
,,,,,,,,,,,,,,
,,,,,,,,,,,,,,
,,,,,,,,,,,,,,
,,,,,,,,,,,,,,
,,,,,,,,,,,,,,
,,,,,,,,,,,,,,
,,,,,,,,,,,,,,
,,,,,,,,,,,,,,
,,,,,,,,,,,,,,
,,,,,,,,,,,,,,
,,,,,,,,,,,,,,
,,,,,,,,,,,,,,
,,,,,,,,,,,,,,
,,,,,,,,,,,,,,
,,,,,,,,,,,,,,
,,,,,,,,,,,,,,
,,,,,,,,,,,,,,
,,,,,,,,,,,,,,
,,,,,,,,,,,,,,
,,,,,,,,,,,,,,
,,,,,,,,,,,,,,
,,,,,,,,,,,,,,
,,,,,,,,,,,,,,
,,,,,,,,,,,,,,
,,,,,,,,,,,,,,
,,,,,,,,,,,,,,
,,,,,,,,,,,,,,
,,,,,,,,,,,,,,
,,,,,,,,,,,,,,
,,,,,,,,,,,,,,
,,,,,,,,,,,,,,
,,,,,,,,,,,,,,
,,,,,,,,,,,,,,
,,,,,,,,,,,,,,
,,,,,,,,,,,,,,
,,,,,,,,,,,,,,
,,,,,,,,,,,,,,
,,,,,,,,,,,,,,
,,,,,,,,,,,,,,
,,,,,,,,,,,,,,
,,,,,,,,,,,,,,
,,,,,,,,,,,,,,
,,,,,,,,,,,,,,
,,,,,,,,,,,,,,
,,,,,,,,,,,,,,
,,,,,,,,,,,,,,
,,,,,,,,,,,,,,
,,,,,,,,,,,,,,
,,,,,,,,,,,,,,
,,,,,,,,,,,,,,
,,,,,,,,,,,,,,
,,,,,,,,,,,,,,
,,,,,,,,,,,,,,
,,,,,,,,,,,,,,
,,,,,,,,,,,,,,
,,,,,,,,,,,,,,
,,,,,,,,,,,,,,
,,,,,,,,,,,,,,
,,,,,,,,,,,,,,
,,,,,,,,,,,,,,
,,,,,,,,,,,,,,
,,,,,,,,,,,,,,
,,,,,,,,,,,,,,
,,,,,,,,,,,,,,
,,,,,,,,,,,,,,
,,,,,,,,,,,,,,
,,,,,,,,,,,,,,
,,,,,,,,,,,,,,
,,,,,,,,,,,,,,
,,,,,,,,,,,,,,
,,,,,,,,,,,,,,
,,,,,,,,,,,,,,
,,,,,,,,,,,,,,
,,,,,,,,,,,,,,
,,,,,,,,,,,,,,
,,,,,,,,,,,,,,
,,,,,,,,,,,,,,
,,,,,,,,,,,,,,
,,,,,,,,,,,,,,
,,,,,,,,,,,,,,
,,,,,,,,,,,,,,
,,,,,,,,,,,,,,
,,,,,,,,,,,,,,
,,,,,,,,,,,,,,
,,,,,,,,,,,,,,
,,,,,,,,,,,,,,
,,,,,,,,,,,,,,
,,,,,,,,,,,,,,
,,,,,,,,,,,,,,
,,,,,,,,,,,,,,
,,,,,,,,,,,,,,
,,,,,,,,,,,,,,
,,,,,,,,,,,,,,
,,,,,,,,,,,,,,
,,,,,,,,,,,,,,
,,,,,,,,,,,,,,
,,,,,,,,,,,,,,
,,,,,,,,,,,,,,
,,,,,,,,,,,,,,
,,,,,,,,,,,,,,
,,,,,,,,,,,,,,
,,,,,,,,,,,,,,
,,,,,,,,,,,,,,
,,,,,,,,,,,,,,
,,,,,,,,,,,,,,
,,,,,,,,,,,,,,
,,,,,,,,,,,,,,
,,,,,,,,,,,,,,
,,,,,,,,,,,,,,
,,,,,,,,,,,,,,
,,,,,,,,,,,,,,
,,,,,,,,,,,,,,
,,,,,,,,,,,,,,
,,,,,,,,,,,,,,
,,,,,,,,,,,,,,
,,,,,,,,,,,,,,
,,,,,,,,,,,,,,
,,,,,,,,,,,,,,
,,,,,,,,,,,,,,
,,,,,,,,,,,,,,
,,,,,,,,,,,,,,
,,,,,,,,,,,,,,
,,,,,,,,,,,,,,
,,,,,,,,,,,,,,
,,,,,,,,,,,,,,
,,,,,,,,,,,,,,
,,,,,,,,,,,,,,
,,,,,,,,,,,,,,
,,,,,,,,,,,,,,
,,,,,,,,,,,,,,
,,,,,,,,,,,,,,
,,,,,,,,,,,,,,
,,,,,,,,,,,,,,
,,,,,,,,,,,,,,
,,,,,,,,,,,,,,
,,,,,,,,,,,,,,
,,,,,,,,,,,,,,
,,,,,,,,,,,,,,
,,,,,,,,,,,,,,
,,,,,,,,,,,,,,
,,,,,,,,,,,,,,
,,,,,,,,,,,,,,
,,,,,,,,,,,,,,
,,,,,,,,,,,,,,
,,,,,,,,,,,,,,
,,,,,,,,,,,,,,
,,,,,,,,,,,,,,
,,,,,,,,,,,,,,
,,,,,,,,,,,,,,
,,,,,,,,,,,,,,
,,,,,,,,,,,,,,
,,,,,,,,,,,,,,
,,,,,,,,,,,,,,
,,,,,,,,,,,,,,
,,,,,,,,,,,,,,
,,,,,,,,,,,,,,
,,,,,,,,,,,,,,
,,,,,,,,,,,,,,
,,,,,,,,,,,,,,
,,,,,,,,,,,,,,
,,,,,,,,,,,,,,
,,,,,,,,,,,,,,
,,,,,,,,,,,,,,
,,,,,,,,,,,,,,
,,,,,,,,,,,,,,
,,,,,,,,,,,,,,
,,,,,,,,,,,,,,
,,,,,,,,,,,,,,
,,,,,,,,,,,,,,
,,,,,,,,,,,,,,
,,,,,,,,,,,,,,
,,,,,,,,,,,,,,
,,,,,,,,,,,,,,
,,,,,,,,,,,,,,
,,,,,,,,,,,,,,
,,,,,,,,,,,,,,
,,,,,,,,,,,,,,
,,,,,,,,,,,,,,
,,,,,,,,,,,,,,
,,,,,,,,,,,,,,
,,,,,,,,,,,,,,
,,,,,,,,,,,,,,
,,,,,,,,,,,,,,
,,,,,,,,,,,,,,
,,,,,,,,,,,,,,
,,,,,,,,,,,,,,
,,,,,,,,,,,,,,
,,,,,,,,,,,,,,
,,,,,,,,,,,,,,
,,,,,,,,,,,,,,
,,,,,,,,,,,,,,
,,,,,,,,,,,,,,
,,,,,,,,,,,,,,
,,,,,,,,,,,,,,
,,,,,,,,,,,,,,
,,,,,,,,,,,,,,
,,,,,,,,,,,,,,
,,,,,,,,,,,,,,
,,,,,,,,,,,,,,
,,,,,,,,,,,,,,
,,,,,,,,,,,,,,
,,,,,,,,,,,,,,
,,,,,,,,,,,,,,
,,,,,,,,,,,,,,
,,,,,,,,,,,,,,
,,,,,,,,,,,,,,
,,,,,,,,,,,,,,
,,,,,,,,,,,,,,
,,,,,,,,,,,,,,
,,,,,,,,,,,,,,
,,,,,,,,,,,,,,
,,,,,,,,,,,,,,
,,,,,,,,,,,,,,
,,,,,,,,,,,,,,
,,,,,,,,,,,,,,
,,,,,,,,,,,,,,
,,,,,,,,,,,,,,
,,,,,,,,,,,,,,
,,,,,,,,,,,,,,
,,,,,,,,,,,,,,
,,,,,,,,,,,,,,
,,,,,,,,,,,,,,
,,,,,,,,,,,,,,
,,,,,,,,,,,,,,
,,,,,,,,,,,,,,
,,,,,,,,,,,,,,
,,,,,,,,,,,,,,
,,,,,,,,,,,,,,
,,,,,,,,,,,,,,
,,,,,,,,,,,,,,
,,,,,,,,,,,,,,
,,,,,,,,,,,,,,
,,,,,,,,,,,,,,
,,,,,,,,,,,,,,
,,,,,,,,,,,,,,
,,,,,,,,,,,,,,
,,,,,,,,,,,,,,
,,,,,,,,,,,,,,
,,,,,,,,,,,,,,
,,,,,,,,,,,,,,
,,,,,,,,,,,,,,
,,,,,,,,,,,,,,
,,,,,,,,,,,,,,
,,,,,,,,,,,,,,
,,,,,,,,,,,,,,
,,,,,,,,,,,,,,
,,,,,,,,,,,,,,
,,,,,,,,,,,,,,
,,,,,,,,,,,,,,
,,,,,,,,,,,,,,
,,,,,,,,,,,,,,
,,,,,,,,,,,,,,
,,,,,,,,,,,,,,
,,,,,,,,,,,,,,
,,,,,,,,,,,,,,
,,,,,,,,,,,,,,
,,,,,,,,,,,,,,
,,,,,,,,,,,,,,
,,,,,,,,,,,,,,
,,,,,,,,,,,,,,
,,,,,,,,,,,,,,
,,,,,,,,,,,,,,
,,,,,,,,,,,,,,
,,,,,,,,,,,,,,
,,,,,,,,,,,,,,
,,,,,,,,,,,,,,
,,,,,,,,,,,,,,
,,,,,,,,,,,,,,
,,,,,,,,,,,,,,
,,,,,,,,,,,,,,
,,,,,,,,,,,,,,
,,,,,,,,,,,,,,
,,,,,,,,,,,,,,
,,,,,,,,,,,,,,
,,,,,,,,,,,,,,
,,,,,,,,,,,,,,
,,,,,,,,,,,,,,
,,,,,,,,,,,,,,
,,,,,,,,,,,,,,
,,,,,,,,,,,,,,
,,,,,,,,,,,,,,
,,,,,,,,,,,,,,
,,,,,,,,,,,,,,
,,,,,,,,,,,,,,
,,,,,,,,,,,,,,
,,,,,,,,,,,,,,
,,,,,,,,,,,,,,
,,,,,,,,,,,,,,
,,,,,,,,,,,,,,
,,,,,,,,,,,,,,
,,,,,,,,,,,,,,
,,,,,,,,,,,,,,
,,,,,,,,,,,,,,
,,,,,,,,,,,,,,
,,,,,,,,,,,,,,
,,,,,,,,,,,,,,
,,,,,,,,,,,,,,
,,,,,,,,,,,,,,
,,,,,,,,,,,,,,
,,,,,,,,,,,,,,
,,,,,,,,,,,,,,
,,,,,,,,,,,,,,
,,,,,,,,,,,,,,
,,,,,,,,,,,,,,
,,,,,,,,,,,,,,
,,,,,,,,,,,,,,
,,,,,,,,,,,,,,
,,,,,,,,,,,,,,
,,,,,,,,,,,,,,
,,,,,,,,,,,,,,
,,,,,,,,,,,,,,
,,,,,,,,,,,,,,
,,,,,,,,,,,,,,
,,,,,,,,,,,,,,
,,,,,,,,,,,,,,
,,,,,,,,,,,,,,
,,,,,,,,,,,,,,
,,,,,,,,,,,,,,
,,,,,,,,,,,,,,
,,,,,,,,,,,,,,
,,,,,,,,,,,,,,
,,,,,,,,,,,,,,
,,,,,,,,,,,,,,
,,,,,,,,,,,,,,
,,,,,,,,,,,,,,
,,,,,,,,,,,,,,
,,,,,,,,,,,,,,
,,,,,,,,,,,,,,
,,,,,,,,,,,,,,
,,,,,,,,,,,,,,
,,,,,,,,,,,,,,
,,,,,,,,,,,,,,
,,,,,,,,,,,,,,
,,,,,,,,,,,,,,
,,,,,,,,,,,,,,
,,,,,,,,,,,,,,
,,,,,,,,,,,,,,
,,,,,,,,,,,,,,
,,,,,,,,,,,,,,
,,,,,,,,,,,,,,
,,,,,,,,,,,,,,
,,,,,,,,,,,,,,
,,,,,,,,,,,,,,
,,,,,,,,,,,,,,
,,,,,,,,,,,,,,
,,,,,,,,,,,,,,
,,,,,,,,,,,,,,
,,,,,,,,,,,,,,
,,,,,,,,,,,,,,
,,,,,,,,,,,,,,
,,,,,,,,,,,,,,
,,,,,,,,,,,,,,
,,,,,,,,,,,,,,
,,,,,,,,,,,,,,
,,,,,,,,,,,,,,
,,,,,,,,,,,,,,
,,,,,,,,,,,,,,
,,,,,,,,,,,,,,
,,,,,,,,,,,,,,
,,,,,,,,,,,,,,
,,,,,,,,,,,,,,
,,,,,,,,,,,,,,
,,,,,,,,,,,,,,
,,,,,,,,,,,,,,
,,,,,,,,,,,,,,
,,,,,,,,,,,,,,
,,,,,,,,,,,,,,
,,,,,,,,,,,,,,
,,,,,,,,,,,,,,
,,,,,,,,,,,,,,
,,,,,,,,,,,,,,
,,,,,,,,,,,,,,
,,,,,,,,,,,,,,
,,,,,,,,,,,,,,
,,,,,,,,,,,,,,
,,,,,,,,,,,,,,
,,,,,,,,,,,,,,
,,,,,,,,,,,,,,
,,,,,,,,,,,,,,
,,,,,,,,,,,,,,
,,,,,,,,,,,,,,
,,,,,,,,,,,,,,
,,,,,,,,,,,,,,
,,,,,,,,,,,,,,
,,,,,,,,,,,,,,
,,,,,,,,,,,,,,
,,,,,,,,,,,,,,
,,,,,,,,,,,,,,
,,,,,,,,,,,,,,
,,,,,,,,,,,,,,
,,,,,,,,,,,,,,
,,,,,,,,,,,,,,
,,,,,,,,,,,,,,
,,,,,,,,,,,,,,
,,,,,,,,,,,,,,
,,,,,,,,,,,,,,
,,,,,,,,,,,,,,
,,,,,,,,,,,,,,
,,,,,,,,,,,,,,
,,,,,,,,,,,,,,
,,,,,,,,,,,,,,
,,,,,,,,,,,,,,
,,,,,,,,,,,,,,
,,,,,,,,,,,,,,
,,,,,,,,,,,,,,
,,,,,,,,,,,,,,
,,,,,,,,,,,,,,
,,,,,,,,,,,,,,
,,,,,,,,,,,,,,
,,,,,,,,,,,,,,
,,,,,,,,,,,,,,
,,,,,,,,,,,,,,
,,,,,,,,,,,,,,
,,,,,,,,,,,,,,
,,,,,,,,,,,,,,
,,,,,,,,,,,,,,
,,,,,,,,,,,,,,
,,,,,,,,,,,,,,
,,,,,,,,,,,,,,
,,,,,,,,,,,,,,
,,,,,,,,,,,,,,
,,,,,,,,,,,,,,
,,,,,,,,,,,,,,
,,,,,,,,,,,,,,
,,,,,,,,,,,,,,
,,,,,,,,,,,,,,
,,,,,,,,,,,,,,
,,,,,,,,,,,,,,
,,,,,,,,,,,,,,
,,,,,,,,,,,,,,
,,,,,,,,,,,,,,
,,,,,,,,,,,,,,
,,,,,,,,,,,,,,
,,,,,,,,,,,,,,
,,,,,,,,,,,,,,
,,,,,,,,,,,,,,
,,,,,,,,,,,,,,
,,,,,,,,,,,,,,
,,,,,,,,,,,,,,
,,,,,,,,,,,,,,
,,,,,,,,,,,,,,
,,,,,,,,,,,,,,
,,,,,,,,,,,,,,
,,,,,,,,,,,,,,
,,,,,,,,,,,,,,
,,,,,,,,,,,,,,
,,,,,,,,,,,,,,
,,,,,,,,,,,,,,
,,,,,,,,,,,,,,
,,,,,,,,,,,,,,
,,,,,,,,,,,,,,
,,,,,,,,,,,,,,
,,,,,,,,,,,,,,
,,,,,,,,,,,,,,
,,,,,,,,,,,,,,
,,,,,,,,,,,,,,
,,,,,,,,,,,,,,
,,,,,,,,,,,,,,
,,,,,,,,,,,,,,
,,,,,,,,,,,,,,
,,,,,,,,,,,,,,
,,,,,,,,,,,,,,
,,,,,,,,,,,,,,
,,,,,,,,,,,,,,
,,,,,,,,,,,,,,
,,,,,,,,,,,,,,
,,,,,,,,,,,,,,
,,,,,,,,,,,,,,
,,,,,,,,,,,,,,
,,,,,,,,,,,,,,
,,,,,,,,,,,,,,
,,,,,,,,,,,,,,
,,,,,,,,,,,,,,
,,,,,,,,,,,,,,
,,,,,,,,,,,,,,
,,,,,,,,,,,,,,
,,,,,,,,,,,,,,
,,,,,,,,,,,,,,
,,,,,,,,,,,,,,
,,,,,,,,,,,,,,
,,,,,,,,,,,,,,
,,,,,,,,,,,,,,
,,,,,,,,,,,,,,
,,,,,,,,,,,,,,
,,,,,,,,,,,,,,
,,,,,,,,,,,,,,
,,,,,,,,,,,,,,
,,,,,,,,,,,,,,
,,,,,,,,,,,,,,
,,,,,,,,,,,,,,
,,,,,,,,,,,,,,
,,,,,,,,,,,,,,
,,,,,,,,,,,,,,
,,,,,,,,,,,,,,
,,,,,,,,,,,,,,
,,,,,,,,,,,,,,
,,,,,,,,,,,,,,
,,,,,,,,,,,,,,
,,,,,,,,,,,,,,
,,,,,,,,,,,,,,
,,,,,,,,,,,,,,
,,,,,,,,,,,,,,
,,,,,,,,,,,,,,
,,,,,,,,,,,,,,
,,,,,,,,,,,,,,
,,,,,,,,,,,,,,
,,,,,,,,,,,,,,
,,,,,,,,,,,,,,
,,,,,,,,,,,,,,
,,,,,,,,,,,,,,
,,,,,,,,,,,,,,
,,,,,,,,,,,,,,
,,,,,,,,,,,,,,
,,,,,,,,,,,,,,
,,,,,,,,,,,,,,
,,,,,,,,,,,,,,
,,,,,,,,,,,,,,
,,,,,,,,,,,,,,
,,,,,,,,,,,,,,
,,,,,,,,,,,,,,
,,,,,,,,,,,,,,
,,,,,,,,,,,,,,
,,,,,,,,,,,,,,
,,,,,,,,,,,,,,
,,,,,,,,,,,,,,
,,,,,,,,,,,,,,
,,,,,,,,,,,,,,
,,,,,,,,,,,,,,
,,,,,,,,,,,,,,
,,,,,,,,,,,,,,
,,,,,,,,,,,,,,
,,,,,,,,,,,,,,
,,,,,,,,,,,,,,
,,,,,,,,,,,,,,
,,,,,,,,,,,,,,
,,,,,,,,,,,,,,
,,,,,,,,,,,,,,
,,,,,,,,,,,,,,
,,,,,,,,,,,,,,
,,,,,,,,,,,,,,
,,,,,,,,,,,,,,
,,,,,,,,,,,,,,
,,,,,,,,,,,,,,
,,,,,,,,,,,,,,
,,,,,,,,,,,,,,
,,,,,,,,,,,,,,
,,,,,,,,,,,,,,
,,,,,,,,,,,,,,
,,,,,,,,,,,,,,
,,,,,,,,,,,,,,
,,,,,,,,,,,,,,
,,,,,,,,,,,,,,
,,,,,,,,,,,,,,
,,,,,,,,,,,,,,
,,,,,,,,,,,,,,
,,,,,,,,,,,,,,
,,,,,,,,,,,,,,
,,,,,,,,,,,,,,
,,,,,,,,,,,,,,
,,,,,,,,,,,,,,
,,,,,,,,,,,,,,
,,,,,,,,,,,,,,
,,,,,,,,,,,,,,
,,,,,,,,,,,,,,
,,,,,,,,,,,,,,
,,,,,,,,,,,,,,
,,,,,,,,,,,,,,
,,,,,,,,,,,,,,
,,,,,,,,,,,,,,
,,,,,,,,,,,,,,
,,,,,,,,,,,,,,
,,,,,,,,,,,,,,
,,,,,,,,,,,,,,
,,,,,,,,,,,,,,
,,,,,,,,,,,,,,
,,,,,,,,,,,,,,
,,,,,,,,,,,,,,
,,,,,,,,,,,,,,
,,,,,,,,,,,,,,
,,,,,,,,,,,,,,
,,,,,,,,,,,,,,
,,,,,,,,,,,,,,
,,,,,,,,,,,,,,
,,,,,,,,,,,,,,
,,,,,,,,,,,,,,
,,,,,,,,,,,,,,
,,,,,,,,,,,,,,
,,,,,,,,,,,,,,
,,,,,,,,,,,,,,
,,,,,,,,,,,,,,
,,,,,,,,,,,,,,
,,,,,,,,,,,,,,
,,,,,,,,,,,,,,
,,,,,,,,,,,,,,
,,,,,,,,,,,,,,
,,,,,,,,,,,,,,
,,,,,,,,,,,,,,
,,,,,,,,,,,,,,
,,,,,,,,,,,,,,
,,,,,,,,,,,,,,
,,,,,,,,,,,,,,
,,,,,,,,,,,,,,
,,,,,,,,,,,,,,
,,,,,,,,,,,,,,
,,,,,,,,,,,,,,
,,,,,,,,,,,,,,
,,,,,,,,,,,,,,
,,,,,,,,,,,,,,
,,,,,,,,,,,,,,
,,,,,,,,,,,,,,
,,,,,,,,,,,,,,
,,,,,,,,,,,,,,
,,,,,,,,,,,,,,
,,,,,,,,,,,,,,
,,,,,,,,,,,,,,
,,,,,,,,,,,,,,
,,,,,,,,,,,,,,
,,,,,,,,,,,,,,
,,,,,,,,,,,,,,
,,,,,,,,,,,,,,
,,,,,,,,,,,,,,
,,,,,,,,,,,,,,
,,,,,,,,,,,,,,
,,,,,,,,,,,,,,
,,,,,,,,,,,,,,
,,,,,,,,,,,,,,
,,,,,,,,,,,,,,
,,,,,,,,,,,,,,
,,,,,,,,,,,,,,
,,,,,,,,,,,,,,
,,,,,,,,,,,,,,
,,,,,,,,,,,,,,
,,,,,,,,,,,,,,
,,,,,,,,,,,,,,
,,,,,,,,,,,,,,
,,,,,,,,,,,,,,
,,,,,,,,,,,,,,
,,,,,,,,,,,,,,
,,,,,,,,,,,,,,
,,,,,,,,,,,,,,
,,,,,,,,,,,,,,
,,,,,,,,,,,,,,
,,,,,,,,,,,,,,
,,,,,,,,,,,,,,
,,,,,,,,,,,,,,
,,,,,,,,,,,,,,
,,,,,,,,,,,,,,
,,,,,,,,,,,,,,
,,,,,,,,,,,,,,
,,,,,,,,,,,,,,
,,,,,,,,,,,,,,
,,,,,,,,,,,,,,
,,,,,,,,,,,,,,
,,,,,,,,,,,,,,
,,,,,,,,,,,,,,
,,,,,,,,,,,,,,
,,,,,,,,,,,,,,
,,,,,,,,,,,,,,
,,,,,,,,,,,,,,
,,,,,,,,,,,,,,
,,,,,,,,,,,,,,
,,,,,,,,,,,,,,
,,,,,,,,,,,,,,
,,,,,,,,,,,,,,
,,,,,,,,,,,,,,
,,,,,,,,,,,,,,
,,,,,,,,,,,,,,
,,,,,,,,,,,,,,
,,,,,,,,,,,,,,
,,,,,,,,,,,,,,
,,,,,,,,,,,,,,
,,,,,,,,,,,,,,
,,,,,,,,,,,,,,
,,,,,,,,,,,,,,
,,,,,,,,,,,,,,
,,,,,,,,,,,,,,
,,,,,,,,,,,,,,
,,,,,,,,,,,,,,
,,,,,,,,,,,,,,
,,,,,,,,,,,,,,
,,,,,,,,,,,,,,
,,,,,,,,,,,,,,
,,,,,,,,,,,,,,
,,,,,,,,,,,,,,
,,,,,,,,,,,,,,
,,,,,,,,,,,,,,
,,,,,,,,,,,,,,
,,,,,,,,,,,,,,
,,,,,,,,,,,,,,
,,,,,,,,,,,,,,
,,,,,,,,,,,,,,
,,,,,,,,,,,,,,
,,,,,,,,,,,,,,
,,,,,,,,,,,,,,
,,,,,,,,,,,,,,
,,,,,,,,,,,,,,
,,,,,,,,,,,,,,
,,,,,,,,,,,,,,
,,,,,,,,,,,,,,
,,,,,,,,,,,,,,
,,,,,,,,,,,,,,
,,,,,,,,,,,,,,
,,,,,,,,,,,,,,
,,,,,,,,,,,,,,
,,,,,,,,,,,,,,
,,,,,,,,,,,,,,
,,,,,,,,,,,,,,
,,,,,,,,,,,,,,
,,,,,,,,,,,,,,
,,,,,,,,,,,,,,
,,,,,,,,,,,,,,
,,,,,,,,,,,,,,
,,,,,,,,,,,,,,
,,,,,,,,,,,,,,
,,,,,,,,,,,,,,
,,,,,,,,,,,,,,
,,,,,,,,,,,,,,
,,,,,,,,,,,,,,
,,,,,,,,,,,,,,
,,,,,,,,,,,,,,
,,,,,,,,,,,,,,
,,,,,,,,,,,,,,
,,,,,,,,,,,,,,
,,,,,,,,,,,,,,
,,,,,,,,,,,,,,
,,,,,,,,,,,,,,
,,,,,,,,,,,,,,
,,,,,,,,,,,,,,
,,,,,,,,,,,,,,
,,,,,,,,,,,,,,
,,,,,,,,,,,,,,
,,,,,,,,,,,,,,
,,,,,,,,,,,,,,
,,,,,,,,,,,,,,
,,,,,,,,,,,,,,
,,,,,,,,,,,,,,
,,,,,,,,,,,,,,
,,,,,,,,,,,,,,
,,,,,,,,,,,,,,
,,,,,,,,,,,,,,
,,,,,,,,,,,,,,
,,,,,,,,,,,,,,
,,,,,,,,,,,,,,
,,,,,,,,,,,,,,
,,,,,,,,,,,,,,
,,,,,,,,,,,,,,
,,,,,,,,,,,,,,
,,,,,,,,,,,,,,
,,,,,,,,,,,,,,
,,,,,,,,,,,,,,
,,,,,,,,,,,,,,
,,,,,,,,,,,,,,
,,,,,,,,,,,,,,
,,,,,,,,,,,,,,
,,,,,,,,,,,,,,
,,,,,,,,,,,,,,
,,,,,,,,,,,,,,
,,,,,,,,,,,,,,
,,,,,,,,,,,,,,
,,,,,,,,,,,,,,
,,,,,,,,,,,,,,
,,,,,,,,,,,,,,
,,,,,,,,,,,,,,
,,,,,,,,,,,,,,
,,,,,,,,,,,,,,
,,,,,,,,,,,,,,
,,,,,,,,,,,,,,
,,,,,,,,,,,,,,
,,,,,,,,,,,,,,
,,,,,,,,,,,,,,
,,,,,,,,,,,,,,
,,,,,,,,,,,,,,
,,,,,,,,,,,,,,
,,,,,,,,,,,,,,
,,,,,,,,,,,,,,
,,,,,,,,,,,,,,
,,,,,,,,,,,,,,
,,,,,,,,,,,,,,
,,,,,,,,,,,,,,
,,,,,,,,,,,,,,
,,,,,,,,,,,,,,
,,,,,,,,,,,,,,
,,,,,,,,,,,,,,
,,,,,,,,,,,,,,
,,,,,,,,,,,,,,
,,,,,,,,,,,,,,
,,,,,,,,,,,,,,
,,,,,,,,,,,,,,
,,,,,,,,,,,,,,
,,,,,,,,,,,,,,
,,,,,,,,,,,,,,
,,,,,,,,,,,,,,
,,,,,,,,,,,,,,
,,,,,,,,,,,,,,
,,,,,,,,,,,,,,
,,,,,,,,,,,,,,
,,,,,,,,,,,,,,
,,,,,,,,,,,,,,
,,,,,,,,,,,,,,
,,,,,,,,,,,,,,
,,,,,,,,,,,,,,
,,,,,,,,,,,,,,
,,,,,,,,,,,,,,
,,,,,,,,,,,,,,
,,,,,,,,,,,,,,
,,,,,,,,,,,,,,
,,,,,,,,,,,,,,
,,,,,,,,,,,,,,
,,,,,,,,,,,,,,
,,,,,,,,,,,,,,
,,,,,,,,,,,,,,
,,,,,,,,,,,,,,
,,,,,,,,,,,,,,
,,,,,,,,,,,,,,
,,,,,,,,,,,,,,
,,,,,,,,,,,,,,
,,,,,,,,,,,,,,
,,,,,,,,,,,,,,
,,,,,,,,,,,,,,
,,,,,,,,,,,,,,
,,,,,,,,,,,,,,
,,,,,,,,,,,,,,
,,,,,,,,,,,,,,
,,,,,,,,,,,,,,
,,,,,,,,,,,,,,
,,,,,,,,,,,,,,
,,,,,,,,,,,,,,
,,,,,,,,,,,,,,
,,,,,,,,,,,,,,
,,,,,,,,,,,,,,
,,,,,,,,,,,,,,
,,,,,,,,,,,,,,
,,,,,,,,,,,,,,
,,,,,,,,,,,,,,
,,,,,,,,,,,,,,
,,,,,,,,,,,,,,
,,,,,,,,,,,,,,
,,,,,,,,,,,,,,
,,,,,,,,,,,,,,
,,,,,,,,,,,,,,
,,,,,,,,,,,,,,
,,,,,,,,,,,,,,
,,,,,,,,,,,,,,
,,,,,,,,,,,,,,
,,,,,,,,,,,,,,
,,,,,,,,,,,,,,
,,,,,,,,,,,,,,
,,,,,,,,,,,,,,
,,,,,,,,,,,,,,
,,,,,,,,,,,,,,
,,,,,,,,,,,,,,
,,,,,,,,,,,,,,
,,,,,,,,,,,,,,
,,,,,,,,,,,,,,
,,,,,,,,,,,,,,
,,,,,,,,,,,,,,
,,,,,,,,,,,,,,
,,,,,,,,,,,,,,
,,,,,,,,,,,,,,
,,,,,,,,,,,,,,
,,,,,,,,,,,,,,
,,,,,,,,,,,,,,
,,,,,,,,,,,,,,
,,,,,,,,,,,,,,
,,,,,,,,,,,,,,
,,,,,,,,,,,,,,
,,,,,,,,,,,,,,
,,,,,,,,,,,,,,
,,,,,,,,,,,,,,
,,,,,,,,,,,,,,
,,,,,,,,,,,,,,
,,,,,,,,,,,,,,
,,,,,,,,,,,,,,
,,,,,,,,,,,,,,
,,,,,,,,,,,,,,
,,,,,,,,,,,,,,
,,,,,,,,,,,,,,
,,,,,,,,,,,,,,
,,,,,,,,,,,,,,
,,,,,,,,,,,,,,
,,,,,,,,,,,,,,
,,,,,,,,,,,,,,
,,,,,,,,,,,,,,
,,,,,,,,,,,,,,
,,,,,,,,,,,,,,
,,,,,,,,,,,,,,
,,,,,,,,,,,,,,
,,,,,,,,,,,,,,
,,,,,,,,,,,,,,
,,,,,,,,,,,,,,
,,,,,,,,,,,,,,
,,,,,,,,,,,,,,
,,,,,,,,,,,,,,
,,,,,,,,,,,,,,
,,,,,,,,,,,,,,
,,,,,,,,,,,,,,
,,,,,,,,,,,,,,
,,,,,,,,,,,,,,
,,,,,,,,,,,,,,
,,,,,,,,,,,,,,
,,,,,,,,,,,,,,
,,,,,,,,,,,,,,
,,,,,,,,,,,,,,
,,,,,,,,,,,,,,
,,,,,,,,,,,,,,
,,,,,,,,,,,,,,
,,,,,,,,,,,,,,
,,,,,,,,,,,,,,
,,,,,,,,,,,,,,
,,,,,,,,,,,,,,
,,,,,,,,,,,,,,
,,,,,,,,,,,,,,
,,,,,,,,,,,,,,
,,,,,,,,,,,,,,
,,,,,,,,,,,,,,
,,,,,,,,,,,,,,
,,,,,,,,,,,,,,
,,,,,,,,,,,,,,
,,,,,,,,,,,,,,
,,,,,,,,,,,,,,
,,,,,,,,,,,,,,
,,,,,,,,,,,,,,
,,,,,,,,,,,,,,
,,,,,,,,,,,,,,
,,,,,,,,,,,,,,
,,,,,,,,,,,,,,
,,,,,,,,,,,,,,
,,,,,,,,,,,,,,
,,,,,,,,,,,,,,
,,,,,,,,,,,,,,
,,,,,,,,,,,,,,
,,,,,,,,,,,,,,
,,,,,,,,,,,,,,
,,,,,,,,,,,,,,
,,,,,,,,,,,,,,
,,,,,,,,,,,,,,
,,,,,,,,,,,,,,
,,,,,,,,,,,,,,
,,,,,,,,,,,,,,
,,,,,,,,,,,,,,
,,,,,,,,,,,,,,
,,,,,,,,,,,,,,
,,,,,,,,,,,,,,
,,,,,,,,,,,,,,
,,,,,,,,,,,,,,
,,,,,,,,,,,,,,
,,,,,,,,,,,,,,
,,,,,,,,,,,,,,
,,,,,,,,,,,,,,
,,,,,,,,,,,,,,
,,,,,,,,,,,,,,
,,,,,,,,,,,,,,
,,,,,,,,,,,,,,
,,,,,,,,,,,,,,
,,,,,,,,,,,,,,
,,,,,,,,,,,,,,
,,,,,,,,,,,,,,
,,,,,,,,,,,,,,
,,,,,,,,,,,,,,
,,,,,,,,,,,,,,
,,,,,,,,,,,,,,
,,,,,,,,,,,,,,
,,,,,,,,,,,,,,
,,,,,,,,,,,,,,
,,,,,,,,,,,,,,
,,,,,,,,,,,,,,
,,,,,,,,,,,,,,
,,,,,,,,,,,,,,
,,,,,,,,,,,,,,
,,,,,,,,,,,,,,
,,,,,,,,,,,,,,
,,,,,,,,,,,,,,
,,,,,,,,,,,,,,
,,,,,,,,,,,,,,
,,,,,,,,,,,,,,
,,,,,,,,,,,,,,
,,,,,,,,,,,,,,
,,,,,,,,,,,,,,
,,,,,,,,,,,,,,
,,,,,,,,,,,,,,
,,,,,,,,,,,,,,
,,,,,,,,,,,,,,
,,,,,,,,,,,,,,
,,,,,,,,,,,,,,
,,,,,,,,,,,,,,
,,,,,,,,,,,,,,
,,,,,,,,,,,,,,
,,,,,,,,,,,,,,
,,,,,,,,,,,,,,
,,,,,,,,,,,,,,
,,,,,,,,,,,,,,
,,,,,,,,,,,,,,
,,,,,,,,,,,,,,
,,,,,,,,,,,,,,
,,,,,,,,,,,,,,
,,,,,,,,,,,,,,
,,,,,,,,,,,,,,
,,,,,,,,,,,,,,
,,,,,,,,,,,,,,
,,,,,,,,,,,,,,
,,,,,,,,,,,,,,
,,,,,,,,,,,,,,
,,,,,,,,,,,,,,
,,,,,,,,,,,,,,
,,,,,,,,,,,,,,
,,,,,,,,,,,,,,
,,,,,,,,,,,,,,
,,,,,,,,,,,,,,
,,,,,,,,,,,,,,
,,,,,,,,,,,,,,
,,,,,,,,,,,,,,
,,,,,,,,,,,,,,
,,,,,,,,,,,,,,
,,,,,,,,,,,,,,
,,,,,,,,,,,,,,
,,,,,,,,,,,,,,
,,,,,,,,,,,,,,
,,,,,,,,,,,,,,
,,,,,,,,,,,,,,
,,,,,,,,,,,,,,
,,,,,,,,,,,,,,
,,,,,,,,,,,,,,
,,,,,,,,,,,,,,
,,,,,,,,,,,,,,
,,,,,,,,,,,,,,
,,,,,,,,,,,,,,
,,,,,,,,,,,,,,
,,,,,,,,,,,,,,
,,,,,,,,,,,,,,
,,,,,,,,,,,,,,
,,,,,,,,,,,,,,
,,,,,,,,,,,,,,
,,,,,,,,,,,,,,
,,,,,,,,,,,,,,
,,,,,,,,,,,,,,
,,,,,,,,,,,,,,
,,,,,,,,,,,,,,
,,,,,,,,,,,,,,
,,,,,,,,,,,,,,
,,,,,,,,,,,,,,
,,,,,,,,,,,,,,
,,,,,,,,,,,,,,
,,,,,,,,,,,,,,
,,,,,,,,,,,,,,
,,,,,,,,,,,,,,
,,,,,,,,,,,,,,
,,,,,,,,,,,,,,
,,,,,,,,,,,,,,
,,,,,,,,,,,,,,
,,,,,,,,,,,,,,
,,,,,,,,,,,,,,
,,,,,,,,,,,,,,
,,,,,,,,,,,,,,
,,,,,,,,,,,,,,
,,,,,,,,,,,,,,
,,,,,,,,,,,,,,
,,,,,,,,,,,,,,
,,,,,,,,,,,,,,
,,,,,,,,,,,,,,
,,,,,,,,,,,,,,
,,,,,,,,,,,,,,
,,,,,,,,,,,,,,
,,,,,,,,,,,,,,
,,,,,,,,,,,,,,
,,,,,,,,,,,,,,
,,,,,,,,,,,,,,
,,,,,,,,,,,,,,
,,,,,,,,,,,,,,
,,,,,,,,,,,,,,
,,,,,,,,,,,,,,
,,,,,,,,,,,,,,
,,,,,,,,,,,,,,
,,,,,,,,,,,,,,
,,,,,,,,,,,,,,
,,,,,,,,,,,,,,
,,,,,,,,,,,,,,
,,,,,,,,,,,,,,
,,,,,,,,,,,,,,
,,,,,,,,,,,,,,
,,,,,,,,,,,,,,
,,,,,,,,,,,,,,
,,,,,,,,,,,,,,
,,,,,,,,,,,,,,
,,,,,,,,,,,,,,
,,,,,,,,,,,,,,
,,,,,,,,,,,,,,
,,,,,,,,,,,,,,
,,,,,,,,,,,,,,
,,,,,,,,,,,,,,
,,,,,,,,,,,,,,
,,,,,,,,,,,,,,
,,,,,,,,,,,,,,
,,,,,,,,,,,,,,
,,,,,,,,,,,,,,
,,,,,,,,,,,,,,
,,,,,,,,,,,,,,
,,,,,,,,,,,,,,
,,,,,,,,,,,,,,
,,,,,,,,,,,,,,
,,,,,,,,,,,,,,
,,,,,,,,,,,,,,
,,,,,,,,,,,,,,
,,,,,,,,,,,,,,
,,,,,,,,,,,,,,
,,,,,,,,,,,,,,
,,,,,,,,,,,,,,
,,,,,,,,,,,,,,
,,,,,,,,,,,,,,
,,,,,,,,,,,,,,
,,,,,,,,,,,,,,
,,,,,,,,,,,,,,
,,,,,,,,,,,,,,
,,,,,,,,,,,,,,
,,,,,,,,,,,,,,
,,,,,,,,,,,,,,
,,,,,,,,,,,,,,
,,,,,,,,,,,,,,
,,,,,,,,,,,,,,
,,,,,,,,,,,,,,
,,,,,,,,,,,,,,
,,,,,,,,,,,,,,
,,,,,,,,,,,,,,
,,,,,,,,,,,,,,
,,,,,,,,,,,,,,
,,,,,,,,,,,,,,
,,,,,,,,,,,,,,
,,,,,,,,,,,,,,
,,,,,,,,,,,,,,
,,,,,,,,,,,,,,
,,,,,,,,,,,,,,
,,,,,,,,,,,,,,
,,,,,,,,,,,,,,
,,,,,,,,,,,,,,
,,,,,,,,,,,,,,
,,,,,,,,,,,,,,
,,,,,,,,,,,,,,
,,,,,,,,,,,,,,
,,,,,,,,,,,,,,
,,,,,,,,,,,,,,
,,,,,,,,,,,,,,
,,,,,,,,,,,,,,
,,,,,,,,,,,,,,
,,,,,,,,,,,,,,
,,,,,,,,,,,,,,
,,,,,,,,,,,,,,
,,,,,,,,,,,,,,
,,,,,,,,,,,,,,
,,,,,,,,,,,,,,
,,,,,,,,,,,,,,
,,,,,,,,,,,,,,
,,,,,,,,,,,,,,
,,,,,,,,,,,,,,
,,,,,,,,,,,,,,
,,,,,,,,,,,,,,
,,,,,,,,,,,,,,
,,,,,,,,,,,,,,
,,,,,,,,,,,,,,
,,,,,,,,,,,,,,
,,,,,,,,,,,,,,
,,,,,,,,,,,,,,
,,,,,,,,,,,,,,
,,,,,,,,,,,,,,
,,,,,,,,,,,,,,
,,,,,,,,,,,,,,
,,,,,,,,,,,,,,
,,,,,,,,,,,,,,
,,,,,,,,,,,,,,
,,,,,,,,,,,,,,
,,,,,,,,,,,,,,
,,,,,,,,,,,,,,
,,,,,,,,,,,,,,
,,,,,,,,,,,,,,
,,,,,,,,,,,,,,
,,,,,,,,,,,,,,
,,,,,,,,,,,,,,
,,,,,,,,,,,,,,
,,,,,,,,,,,,,,
,,,,,,,,,,,,,,
,,,,,,,,,,,,,,
,,,,,,,,,,,,,,
,,,,,,,,,,,,,,
,,,,,,,,,,,,,,
,,,,,,,,,,,,,,
,,,,,,,,,,,,,,
,,,,,,,,,,,,,,
,,,,,,,,,,,,,,
,,,,,,,,,,,,,,
,,,,,,,,,,,,,,
,,,,,,,,,,,,,,
,,,,,,,,,,,,,,
,,,,,,,,,,,,,,
,,,,,,,,,,,,,,
,,,,,,,,,,,,,,
,,,,,,,,,,,,,,
,,,,,,,,,,,,,,
,,,,,,,,,,,,,,
,,,,,,,,,,,,,,
,,,,,,,,,,,,,,
,,,,,,,,,,,,,,
,,,,,,,,,,,,,,
,,,,,,,,,,,,,,
,,,,,,,,,,,,,,
,,,,,,,,,,,,,,
,,,,,,,,,,,,,,
,,,,,,,,,,,,,,
,,,,,,,,,,,,,,
,,,,,,,,,,,,,,
,,,,,,,,,,,,,,
,,,,,,,,,,,,,,
,,,,,,,,,,,,,,
,,,,,,,,,,,,,,
,,,,,,,,,,,,,,
,,,,,,,,,,,,,,
,,,,,,,,,,,,,,
,,,,,,,,,,,,,,
,,,,,,,,,,,,,,
,,,,,,,,,,,,,,
,,,,,,,,,,,,,,
,,,,,,,,,,,,,,
,,,,,,,,,,,,,,
,,,,,,,,,,,,,,
,,,,,,,,,,,,,,
,,,,,,,,,,,,,,
,,,,,,,,,,,,,,
,,,,,,,,,,,,,,
,,,,,,,,,,,,,,
,,,,,,,,,,,,,,
,,,,,,,,,,,,,,
,,,,,,,,,,,,,,
,,,,,,,,,,,,,,
,,,,,,,,,,,,,,
,,,,,,,,,,,,,,
,,,,,,,,,,,,,,
,,,,,,,,,,,,,,
,,,,,,,,,,,,,,
,,,,,,,,,,,,,,
,,,,,,,,,,,,,,
,,,,,,,,,,,,,,
,,,,,,,,,,,,,,
,,,,,,,,,,,,,,
,,,,,,,,,,,,,,
,,,,,,,,,,,,,,
,,,,,,,,,,,,,,
,,,,,,,,,,,,,,
,,,,,,,,,,,,,,
,,,,,,,,,,,,,,
,,,,,,,,,,,,,,
,,,,,,,,,,,,,,
,,,,,,,,,,,,,,
,,,,,,,,,,,,,,
,,,,,,,,,,,,,,
,,,,,,,,,,,,,,
,,,,,,,,,,,,,,
,,,,,,,,,,,,,,
,,,,,,,,,,,,,,
,,,,,,,,,,,,,,
,,,,,,,,,,,,,,
,,,,,,,,,,,,,,
,,,,,,,,,,,,,,
,,,,,,,,,,,,,,
,,,,,,,,,,,,,,
,,,,,,,,,,,,,,
,,,,,,,,,,,,,,
,,,,,,,,,,,,,,
,,,,,,,,,,,,,,
,,,,,,,,,,,,,,
,,,,,,,,,,,,,,
,,,,,,,,,,,,,,
,,,,,,,,,,,,,,
,,,,,,,,,,,,,,
,,,,,,,,,,,,,,
,,,,,,,,,,,,,,
,,,,,,,,,,,,,,
,,,,,,,,,,,,,,
,,,,,,,,,,,,,,
,,,,,,,,,,,,,,
,,,,,,,,,,,,,,
,,,,,,,,,,,,,,
,,,,,,,,,,,,,,
,,,,,,,,,,,,,,
,,,,,,,,,,,,,,
,,,,,,,,,,,,,,
,,,,,,,,,,,,,,
,,,,,,,,,,,,,,
,,,,,,,,,,,,,,
,,,,,,,,,,,,,,
,,,,,,,,,,,,,,
,,,,,,,,,,,,,,
,,,,,,,,,,,,,,
,,,,,,,,,,,,,,
,,,,,,,,,,,,,,
,,,,,,,,,,,,,,
,,,,,,,,,,,,,,
,,,,,,,,,,,,,,
,,,,,,,,,,,,,,
,,,,,,,,,,,,,,
,,,,,,,,,,,,,,
,,,,,,,,,,,,,,
,,,,,,,,,,,,,,
,,,,,,,,,,,,,,
,,,,,,,,,,,,,,
,,,,,,,,,,,,,,
,,,,,,,,,,,,,,
,,,,,,,,,,,,,,
,,,,,,,,,,,,,,
,,,,,,,,,,,,,,
,,,,,,,,,,,,,,
,,,,,,,,,,,,,,
,,,,,,,,,,,,,,
,,,,,,,,,,,,,,
,,,,,,,,,,,,,,
,,,,,,,,,,,,,,
,,,,,,,,,,,,,,
,,,,,,,,,,,,,,
,,,,,,,,,,,,,,
,,,,,,,,,,,,,,
,,,,,,,,,,,,,,
,,,,,,,,,,,,,,
,,,,,,,,,,,,,,
,,,,,,,,,,,,,,
,,,,,,,,,,,,,,
,,,,,,,,,,,,,,
,,,,,,,,,,,,,,
,,,,,,,,,,,,,,
,,,,,,,,,,,,,,
,,,,,,,,,,,,,,
,,,,,,,,,,,,,,
,,,,,,,,,,,,,,
,,,,,,,,,,,,,,
,,,,,,,,,,,,,,
,,,,,,,,,,,,,,
,,,,,,,,,,,,,,
,,,,,,,,,,,,,,
,,,,,,,,,,,,,,
,,,,,,,,,,,,,,
,,,,,,,,,,,,,,
,,,,,,,,,,,,,,
,,,,,,,,,,,,,,
,,,,,,,,,,,,,,
,,,,,,,,,,,,,,
,,,,,,,,,,,,,,
,,,,,,,,,,,,,,
,,,,,,,,,,,,,,
,,,,,,,,,,,,,,
,,,,,,,,,,,,,,
,,,,,,,,,,,,,,
,,,,,,,,,,,,,,
,,,,,,,,,,,,,,
,,,,,,,,,,,,,,
,,,,,,,,,,,,,,
,,,,,,,,,,,,,,
,,,,,,,,,,,,,,
,,,,,,,,,,,,,,
,,,,,,,,,,,,,,
,,,,,,,,,,,,,,
,,,,,,,,,,,,,,
,,,,,,,,,,,,,,
,,,,,,,,,,,,,,
,,,,,,,,,,,,,,
,,,,,,,,,,,,,,
,,,,,,,,,,,,,,
,,,,,,,,,,,,,,
,,,,,,,,,,,,,,
,,,,,,,,,,,,,,
,,,,,,,,,,,,,,
,,,,,,,,,,,,,,
,,,,,,,,,,,,,,
,,,,,,,,,,,,,,
,,,,,,,,,,,,,,
,,,,,,,,,,,,,,
,,,,,,,,,,,,,,
,,,,,,,,,,,,,,
,,,,,,,,,,,,,,
,,,,,,,,,,,,,,
,,,,,,,,,,,,,,
,,,,,,,,,,,,,,
,,,,,,,,,,,,,,
,,,,,,,,,,,,,,
,,,,,,,,,,,,,,
,,,,,,,,,,,,,,
,,,,,,,,,,,,,,
,,,,,,,,,,,,,,
,,,,,,,,,,,,,,
,,,,,,,,,,,,,,
,,,,,,,,,,,,,,
,,,,,,,,,,,,,,
,,,,,,,,,,,,,,
,,,,,,,,,,,,,,
,,,,,,,,,,,,,,
,,,,,,,,,,,,,,
,,,,,,,,,,,,,,
,,,,,,,,,,,,,,
,,,,,,,,,,,,,,
,,,,,,,,,,,,,,
,,,,,,,,,,,,,,
,,,,,,,,,,,,,,
,,,,,,,,,,,,,,
,,,,,,,,,,,,,,
,,,,,,,,,,,,,,
,,,,,,,,,,,,,,
,,,,,,,,,,,,,,
,,,,,,,,,,,,,,
,,,,,,,,,,,,,,
,,,,,,,,,,,,,,
,,,,,,,,,,,,,,
,,,,,,,,,,,,,,
,,,,,,,,,,,,,,
,,,,,,,,,,,,,,
,,,,,,,,,,,,,,
,,,,,,,,,,,,,,
,,,,,,,,,,,,,,
,,,,,,,,,,,,,,
,,,,,,,,,,,,,,
,,,,,,,,,,,,,,
,,,,,,,,,,,,,,
,,,,,,,,,,,,,,
,,,,,,,,,,,,,,
,,,,,,,,,,,,,,
,,,,,,,,,,,,,,
,,,,,,,,,,,,,,
,,,,,,,,,,,,,,
,,,,,,,,,,,,,,
,,,,,,,,,,,,,,
,,,,,,,,,,,,,,
,,,,,,,,,,,,,,
,,,,,,,,,,,,,,
,,,,,,,,,,,,,,
,,,,,,,,,,,,,,
,,,,,,,,,,,,,,
,,,,,,,,,,,,,,
,,,,,,,,,,,,,,
,,,,,,,,,,,,,,
,,,,,,,,,,,,,,
,,,,,,,,,,,,,,
,,,,,,,,,,,,,,
,,,,,,,,,,,,,,
,,,,,,,,,,,,,,
,,,,,,,,,,,,,,
,,,,,,,,,,,,,,
,,,,,,,,,,,,,,
,,,,,,,,,,,,,,
,,,,,,,,,,,,,,
,,,,,,,,,,,,,,
,,,,,,,,,,,,,,
,,,,,,,,,,,,,,
,,,,,,,,,,,,,,
,,,,,,,,,,,,,,
,,,,,,,,,,,,,,
,,,,,,,,,,,,,,
,,,,,,,,,,,,,,
,,,,,,,,,,,,,,
,,,,,,,,,,,,,,
,,,,,,,,,,,,,,
,,,,,,,,,,,,,,
,,,,,,,,,,,,,,
,,,,,,,,,,,,,,
,,,,,,,,,,,,,,
,,,,,,,,,,,,,,
,,,,,,,,,,,,,,
,,,,,,,,,,,,,,
,,,,,,,,,,,,,,
,,,,,,,,,,,,,,
,,,,,,,,,,,,,,
,,,,,,,,,,,,,,
,,,,,,,,,,,,,,
,,,,,,,,,,,,,,
,,,,,,,,,,,,,,
,,,,,,,,,,,,,,
,,,,,,,,,,,,,,
,,,,,,,,,,,,,,
,,,,,,,,,,,,,,
,,,,,,,,,,,,,,
,,,,,,,,,,,,,,
,,,,,,,,,,,,,,
,,,,,,,,,,,,,,
,,,,,,,,,,,,,,
,,,,,,,,,,,,,,
,,,,,,,,,,,,,,
,,,,,,,,,,,,,,
,,,,,,,,,,,,,,
,,,,,,,,,,,,,,
,,,,,,,,,,,,,,
,,,,,,,,,,,,,,
,,,,,,,,,,,,,,
,,,,,,,,,,,,,,
,,,,,,,,,,,,,,
,,,,,,,,,,,,,,
,,,,,,,,,,,,,,
,,,,,,,,,,,,,,
,,,,,,,,,,,,,,
,,,,,,,,,,,,,,
,,,,,,,,,,,,,,
,,,,,,,,,,,,,,
,,,,,,,,,,,,,,
,,,,,,,,,,,,,,
,,,,,,,,,,,,,,
,,,,,,,,,,,,,,
,,,,,,,,,,,,,,
,,,,,,,,,,,,,,
,,,,,,,,,,,,,,
,,,,,,,,,,,,,,
,,,,,,,,,,,,,,
,,,,,,,,,,,,,,
,,,,,,,,,,,,,,
,,,,,,,,,,,,,,
,,,,,,,,,,,,,,
,,,,,,,,,,,,,,
,,,,,,,,,,,,,,
,,,,,,,,,,,,,,
,,,,,,,,,,,,,,
,,,,,,,,,,,,,,
,,,,,,,,,,,,,,
,,,,,,,,,,,,,,
,,,,,,,,,,,,,,
,,,,,,,,,,,,,,
,,,,,,,,,,,,,,
,,,,,,,,,,,,,,
,,,,,,,,,,,,,,
,,,,,,,,,,,,,,
,,,,,,,,,,,,,,
,,,,,,,,,,,,,,
,,,,,,,,,,,,,,
,,,,,,,,,,,,,,
,,,,,,,,,,,,,,
,,,,,,,,,,,,,,
,,,,,,,,,,,,,,
,,,,,,,,,,,,,,
,,,,,,,,,,,,,,
,,,,,,,,,,,,,,
,,,,,,,,,,,,,,
,,,,,,,,,,,,,,
,,,,,,,,,,,,,,
,,,,,,,,,,,,,,
,,,,,,,,,,,,,,
,,,,,,,,,,,,,,
,,,,,,,,,,,,,,
,,,,,,,,,,,,,,
,,,,,,,,,,,,,,
,,,,,,,,,,,,,,
,,,,,,,,,,,,,,
,,,,,,,,,,,,,,
,,,,,,,,,,,,,,
,,,,,,,,,,,,,,
,,,,,,,,,,,,,,
,,,,,,,,,,,,,,
,,,,,,,,,,,,,,
,,,,,,,,,,,,,,
,,,,,,,,,,,,,,
,,,,,,,,,,,,,,
,,,,,,,,,,,,,,
,,,,,,,,,,,,,,
,,,,,,,,,,,,,,
,,,,,,,,,,,,,,
,,,,,,,,,,,,,,
,,,,,,,,,,,,,,
,,,,,,,,,,,,,,
,,,,,,,,,,,,,,
,,,,,,,,,,,,,,
,,,,,,,,,,,,,,
,,,,,,,,,,,,,,
,,,,,,,,,,,,,,
,,,,,,,,,,,,,,
,,,,,,,,,,,,,,
,,,,,,,,,,,,,,
,,,,,,,,,,,,,,
,,,,,,,,,,,,,,
,,,,,,,,,,,,,,
,,,,,,,,,,,,,,
,,,,,,,,,,,,,,
,,,,,,,,,,,,,,
,,,,,,,,,,,,,,
,,,,,,,,,,,,,,
,,,,,,,,,,,,,,
,,,,,,,,,,,,,,
,,,,,,,,,,,,,,
,,,,,,,,,,,,,,
,,,,,,,,,,,,,,
,,,,,,,,,,,,,,
,,,,,,,,,,,,,,
,,,,,,,,,,,,,,
,,,,,,,,,,,,,,
,,,,,,,,,,,,,,
,,,,,,,,,,,,,,
,,,,,,,,,,,,,,
,,,,,,,,,,,,,,
,,,,,,,,,,,,,,
,,,,,,,,,,,,,,
,,,,,,,,,,,,,,
,,,,,,,,,,,,,,
,,,,,,,,,,,,,,
,,,,,,,,,,,,,,
,,,,,,,,,,,,,,
,,,,,,,,,,,,,,
,,,,,,,,,,,,,,
,,,,,,,,,,,,,,
,,,,,,,,,,,,,,
,,,,,,,,,,,,,,
,,,,,,,,,,,,,,
,,,,,,,,,,,,,,
,,,,,,,,,,,,,,
,,,,,,,,,,,,,,
,,,,,,,,,,,,,,
,,,,,,,,,,,,,,
,,,,,,,,,,,,,,
,,,,,,,,,,,,,,
,,,,,,,,,,,,,,
,,,,,,,,,,,,,,
,,,,,,,,,,,,,,
,,,,,,,,,,,,,,
,,,,,,,,,,,,,,
,,,,,,,,,,,,,,
,,,,,,,,,,,,,,
,,,,,,,,,,,,,,
,,,,,,,,,,,,,,
,,,,,,,,,,,,,,
,,,,,,,,,,,,,,
,,,,,,,,,,,,,,
,,,,,,,,,,,,,,
,,,,,,,,,,,,,,
,,,,,,,,,,,,,,
,,,,,,,,,,,,,,
,,,,,,,,,,,,,,
,,,,,,,,,,,,,,
,,,,,,,,,,,,,,
,,,,,,,,,,,,,,
,,,,,,,,,,,,,,
,,,,,,,,,,,,,,
,,,,,,,,,,,,,,
,,,,,,,,,,,,,,
,,,,,,,,,,,,,,
,,,,,,,,,,,,,,
,,,,,,,,,,,,,,
,,,,,,,,,,,,,,
,,,,,,,,,,,,,,
,,,,,,,,,,,,,,
,,,,,,,,,,,,,,
,,,,,,,,,,,,,,
,,,,,,,,,,,,,,
,,,,,,,,,,,,,,
,,,,,,,,,,,,,,
,,,,,,,,,,,,,,
,,,,,,,,,,,,,,
,,,,,,,,,,,,,,
,,,,,,,,,,,,,,
,,,,,,,,,,,,,,
,,,,,,,,,,,,,,
,,,,,,,,,,,,,,
,,,,,,,,,,,,,,
,,,,,,,,,,,,,,
,,,,,,,,,,,,,,
,,,,,,,,,,,,,,
,,,,,,,,,,,,,,
,,,,,,,,,,,,,,
,,,,,,,,,,,,,,
,,,,,,,,,,,,,,
,,,,,,,,,,,,,,
,,,,,,,,,,,,,,
,,,,,,,,,,,,,,
,,,,,,,,,,,,,,
,,,,,,,,,,,,,,
,,,,,,,,,,,,,,
,,,,,,,,,,,,,,
,,,,,,,,,,,,,,
,,,,,,,,,,,,,,
,,,,,,,,,,,,,,